policy_id,quote_id,lead_id,dealer_id,carrier,monthly_premium,term_months,bound_at
1,1,1,11,In-House Agency,161.74,12,2025-12-08 17:54:00
2,4,7,32,Carrier B (DCO),287.0,6,2025-11-25 19:13:00
3,5,8,5,Carrier B (DCO),289.54,12,2025-08-13 15:00:00
4,6,10,52,In-House Agency,241.02,6,2025-11-14 17:34:00
5,7,11,2,Carrier A (DCO),105.81,12,2025-07-29 14:17:00
6,12,21,37,Carrier A (DCO),171.29,12,2025-11-21 16:00:00
7,13,23,45,In-House Agency,147.31,12,2025-09-12 14:47:00
8,15,26,49,Carrier B (DCO),98.04,12,2025-09-27 19:08:00
9,17,28,53,In-House Agency,299.06,6,2025-02-10 16:24:00
10,24,42,29,Carrier B (DCO),213.43,12,2025-09-08 09:41:00
11,25,43,54,Carrier B (DCO),147.4,6,2025-04-01 09:17:00
12,29,48,30,Carrier B (DCO),229.0,12,2025-01-15 13:40:00
13,30,54,32,Carrier B (DCO),288.76,12,2025-11-02 17:19:00
14,32,59,54,Carrier A (DCO),219.61,12,2025-03-19 19:26:00
15,34,65,36,Carrier B (DCO),234.59,12,2025-06-22 15:07:00
16,38,72,52,In-House Agency,164.61,6,2025-04-07 19:04:00
17,39,73,31,Carrier A (DCO),251.36,6,2025-09-01 08:30:00
18,40,74,55,Carrier B (DCO),225.78,12,2025-08-04 14:38:00
19,43,83,36,Carrier B (DCO),293.13,12,2025-01-21 09:09:00
20,52,102,11,Carrier A (DCO),264.68,12,2025-07-11 12:16:00
21,54,105,53,In-House Agency,186.03,6,2025-03-14 13:49:00
22,55,107,7,Carrier A (DCO),223.41,6,2025-09-30 19:28:00
23,58,112,33,Carrier B (DCO),106.45,12,2025-03-18 11:01:00
24,63,123,33,In-House Agency,166.36,12,2025-07-29 14:21:00
25,64,124,12,Carrier A (DCO),187.58,6,2025-09-16 13:42:00
26,68,128,24,Carrier A (DCO),301.51,12,2025-08-26 16:07:00
27,73,145,23,Carrier A (DCO),152.51,12,2025-07-31 17:26:00
28,75,148,4,Carrier A (DCO),187.65,12,2025-02-01 08:25:00
29,78,154,31,In-House Agency,230.29,6,2025-01-24 19:03:00
30,80,158,34,Carrier B (DCO),291.11,12,2025-04-28 17:30:00
31,81,159,13,In-House Agency,246.57,12,2025-05-12 09:36:00
32,86,173,22,Carrier A (DCO),238.57,12,2025-06-15 19:07:00
33,90,185,15,Carrier B (DCO),272.02,6,2025-01-10 19:48:00
34,93,191,42,Carrier B (DCO),134.53,12,2025-12-15 19:09:00
35,101,203,59,In-House Agency,250.27,12,2025-09-15 10:06:00
36,103,206,6,Carrier A (DCO),231.9,12,2025-12-10 17:54:00
37,105,211,47,Carrier B (DCO),225.11,6,2025-02-15 18:17:00
38,112,220,21,Carrier B (DCO),270.55,6,2025-06-11 17:34:00
39,116,229,10,Carrier B (DCO),250.23,6,2025-06-28 08:54:00
40,117,230,22,Carrier A (DCO),166.16,6,2025-12-08 10:40:00
41,119,234,40,In-House Agency,267.13,12,2025-07-27 09:15:00
42,122,237,13,Carrier B (DCO),200.07,12,2025-07-24 08:17:00
43,127,248,41,Carrier A (DCO),201.36,6,2025-12-18 17:54:00
44,129,253,28,Carrier A (DCO),206.68,6,2025-12-11 14:44:00
45,131,257,59,In-House Agency,251.95,6,2025-08-01 12:41:00
46,137,264,20,Carrier A (DCO),192.47,6,2025-08-25 09:00:00
47,145,279,38,Carrier B (DCO),302.4,6,2025-03-05 09:10:00
48,146,280,52,Carrier A (DCO),114.61,12,2025-12-20 12:52:00
49,147,281,12,Carrier A (DCO),267.84,6,2025-01-22 11:52:00
50,150,288,23,Carrier A (DCO),100.6,6,2025-09-09 15:33:00
51,152,292,37,In-House Agency,142.04,6,2025-04-17 10:21:00
52,155,302,27,In-House Agency,234.96,6,2025-03-31 12:01:00
53,156,304,36,Carrier A (DCO),225.57,6,2025-02-27 11:26:00
54,158,307,39,Carrier B (DCO),276.41,12,2025-09-10 09:41:00
55,159,308,35,Carrier B (DCO),194.99,6,2025-07-20 19:42:00
56,162,315,56,In-House Agency,221.41,12,2025-01-09 16:56:00
57,165,320,39,Carrier B (DCO),271.52,12,2025-12-05 10:49:00
58,166,321,55,Carrier B (DCO),105.87,12,2025-10-01 16:25:00
59,168,330,31,In-House Agency,299.72,6,2025-02-15 08:51:00
60,169,331,55,Carrier B (DCO),150.78,6,2025-11-07 13:46:00
61,170,332,46,In-House Agency,283.45,12,2025-04-27 19:51:00
62,171,333,36,Carrier B (DCO),185.4,12,2025-04-13 09:30:00
63,173,338,11,Carrier B (DCO),187.24,6,2025-11-03 19:23:00
64,175,342,32,Carrier A (DCO),252.83,6,2025-07-09 14:56:00
65,176,343,41,Carrier A (DCO),243.3,12,2025-05-19 15:44:00
66,178,347,13,In-House Agency,295.62,6,2025-07-14 09:53:00
67,180,350,28,Carrier A (DCO),165.66,12,2025-03-07 13:11:00
68,182,356,50,In-House Agency,115.48,12,2025-11-02 10:53:00
69,183,358,55,Carrier A (DCO),203.99,6,2025-09-16 15:28:00
70,187,365,26,Carrier A (DCO),294.22,12,2025-05-01 18:37:00
71,192,377,60,Carrier B (DCO),138.66,12,2025-07-30 17:34:00
72,194,383,34,Carrier A (DCO),237.62,12,2025-02-14 16:52:00
73,195,386,8,In-House Agency,267.61,6,2025-07-29 13:32:00
74,197,389,53,Carrier A (DCO),106.67,12,2025-02-09 14:24:00
75,200,399,36,In-House Agency,219.83,6,2025-09-05 09:18:00
76,203,407,38,In-House Agency,146.36,6,2025-06-06 15:10:00
77,204,408,12,Carrier A (DCO),142.05,6,2025-10-24 08:42:00
78,206,413,9,Carrier A (DCO),172.88,12,2025-08-18 13:46:00
79,207,415,27,Carrier A (DCO),286.52,12,2025-01-18 17:36:00
80,208,416,41,Carrier B (DCO),131.67,6,2025-01-22 17:42:00
81,211,422,48,Carrier B (DCO),223.63,6,2025-10-22 17:33:00
82,212,423,8,Carrier A (DCO),128.28,12,2025-10-04 17:23:00
83,216,432,6,In-House Agency,246.28,12,2025-05-30 13:52:00
84,218,435,25,Carrier A (DCO),198.62,6,2025-10-23 13:26:00
85,221,444,45,Carrier A (DCO),164.97,12,2025-10-05 11:17:00
86,222,445,31,Carrier B (DCO),278.68,6,2025-11-14 09:46:00
87,227,457,36,Carrier A (DCO),235.79,12,2025-02-02 18:08:00
88,230,462,9,Carrier B (DCO),96.96,6,2025-07-02 16:23:00
89,235,472,60,Carrier B (DCO),198.46,6,2025-06-15 09:15:00
90,237,474,45,In-House Agency,167.76,6,2025-11-17 19:34:00
91,244,495,36,Carrier B (DCO),286.27,6,2025-10-26 17:25:00
92,247,501,33,In-House Agency,255.24,12,2025-02-25 19:08:00
93,251,509,2,Carrier A (DCO),264.68,6,2025-07-24 09:24:00
94,253,511,7,In-House Agency,294.17,12,2025-06-22 13:31:00
95,257,518,47,In-House Agency,153.87,12,2025-01-21 17:36:00
96,268,538,53,Carrier B (DCO),165.78,6,2025-02-12 09:36:00
97,269,542,32,In-House Agency,266.3,12,2025-04-15 14:02:00
98,273,551,24,Carrier A (DCO),291.37,6,2025-08-27 11:21:00
99,274,553,7,In-House Agency,119.9,6,2025-10-06 13:29:00
100,275,554,57,In-House Agency,286.81,12,2025-01-30 15:42:00
101,278,560,49,In-House Agency,247.7,6,2025-09-04 17:16:00
102,279,562,21,Carrier B (DCO),260.11,12,2025-08-23 19:50:00
103,281,567,53,Carrier B (DCO),165.39,6,2025-08-23 17:57:00
104,283,573,26,Carrier A (DCO),197.1,12,2025-11-27 10:18:00
105,284,574,56,In-House Agency,188.9,12,2025-12-19 19:38:00
106,288,579,35,In-House Agency,289.8,12,2025-11-01 12:10:00
107,290,582,17,In-House Agency,253.88,12,2025-03-12 19:15:00
108,297,599,2,In-House Agency,165.91,12,2025-09-20 14:25:00
109,298,601,8,In-House Agency,309.36,6,2025-10-23 15:48:00
110,300,612,48,Carrier A (DCO),222.51,12,2025-12-17 10:44:00
111,303,617,51,Carrier A (DCO),228.07,6,2025-06-18 12:03:00
112,309,626,18,In-House Agency,298.44,6,2025-01-09 15:46:00
113,310,628,53,Carrier B (DCO),299.24,6,2025-03-07 08:30:00
114,311,629,43,Carrier B (DCO),260.94,12,2025-06-14 19:40:00
115,313,631,14,Carrier B (DCO),285.92,6,2025-12-31 13:23:00
116,315,633,49,In-House Agency,241.25,12,2025-11-01 15:32:00
117,317,635,57,Carrier B (DCO),301.03,6,2025-02-05 15:09:00
118,322,647,20,In-House Agency,232.88,6,2025-01-17 08:05:00
119,325,651,58,Carrier B (DCO),197.04,12,2025-08-16 09:00:00
120,328,656,38,Carrier A (DCO),175.24,6,2025-09-13 17:03:00
121,329,657,10,Carrier B (DCO),231.79,6,2025-06-23 16:12:00
122,331,659,24,Carrier B (DCO),183.58,6,2025-03-01 11:50:00
123,332,661,49,Carrier B (DCO),169.87,12,2025-03-07 10:45:00
124,333,664,51,In-House Agency,205.4,6,2025-03-03 09:19:00
125,334,667,23,Carrier A (DCO),271.21,12,2025-07-03 10:57:00
126,336,669,7,Carrier B (DCO),121.58,12,2025-04-08 16:46:00
127,337,671,20,Carrier B (DCO),296.9,12,2025-12-28 18:06:00
128,339,675,50,Carrier B (DCO),307.32,6,2025-11-05 09:16:00
129,344,684,2,In-House Agency,147.51,6,2025-11-18 12:07:00
130,345,686,37,Carrier B (DCO),217.63,6,2025-09-30 19:43:00
131,346,688,24,Carrier B (DCO),309.19,6,2025-08-13 17:21:00
132,347,689,18,In-House Agency,272.1,12,2025-02-14 11:26:00
133,349,694,59,Carrier B (DCO),242.67,6,2025-02-05 08:15:00
134,354,709,53,In-House Agency,253.62,6,2025-02-26 18:28:00
135,356,715,15,In-House Agency,150.93,6,2025-02-27 08:45:00
136,358,719,59,Carrier B (DCO),304.5,12,2025-05-15 19:38:00
137,363,730,1,Carrier B (DCO),100.58,6,2025-10-02 13:09:00
138,364,733,21,In-House Agency,110.21,6,2025-10-23 11:49:00
139,365,735,19,In-House Agency,224.76,6,2025-12-05 15:28:00
140,368,739,54,In-House Agency,118.14,12,2025-05-18 13:16:00
141,371,745,45,Carrier A (DCO),244.65,6,2025-12-19 18:15:00
142,374,751,36,Carrier B (DCO),191.39,12,2025-02-10 13:28:00
143,380,765,44,Carrier A (DCO),167.74,12,2025-07-05 08:42:00
144,381,770,29,Carrier B (DCO),250.9,12,2025-07-06 11:05:00
145,383,772,33,Carrier A (DCO),257.66,12,2025-02-26 13:15:00
146,385,775,13,Carrier A (DCO),186.35,12,2025-07-05 18:33:00
147,387,777,53,In-House Agency,280.6,6,2025-04-06 19:10:00
148,388,778,36,Carrier A (DCO),207.4,12,2025-07-16 12:31:00
149,391,783,25,In-House Agency,114.03,12,2025-05-12 16:41:00
150,393,789,35,In-House Agency,131.38,12,2025-03-31 14:06:00
151,394,791,4,Carrier B (DCO),299.11,12,2025-04-26 09:30:00
152,395,795,51,In-House Agency,157.19,12,2025-05-16 17:16:00
153,398,800,1,In-House Agency,200.13,6,2025-11-23 16:01:00
154,401,810,21,Carrier A (DCO),285.02,12,2025-08-20 13:00:00
155,402,811,26,Carrier B (DCO),300.92,6,2025-04-19 18:40:00
156,407,819,41,Carrier A (DCO),266.36,12,2025-09-25 12:37:00
157,408,820,57,In-House Agency,221.08,6,2025-10-13 14:22:00
158,413,829,46,Carrier B (DCO),163.36,6,2025-02-08 16:18:00
159,414,830,51,In-House Agency,285.45,6,2025-03-29 10:32:00
160,416,832,38,Carrier B (DCO),280.58,6,2025-08-01 13:16:00
161,418,834,30,Carrier B (DCO),145.26,12,2025-08-12 16:32:00
162,419,835,35,In-House Agency,138.07,12,2025-11-30 11:45:00
163,425,843,41,In-House Agency,200.05,12,2025-06-16 11:14:00
164,433,855,29,Carrier A (DCO),158.24,6,2025-03-14 18:17:00
165,434,858,43,Carrier A (DCO),294.7,6,2025-02-26 14:01:00
166,437,865,45,Carrier B (DCO),305.27,12,2025-07-23 14:32:00
167,438,867,58,Carrier B (DCO),202.23,6,2025-03-16 11:59:00
168,442,871,14,In-House Agency,195.42,6,2025-03-15 17:15:00
169,444,874,31,In-House Agency,132.78,12,2025-01-19 16:38:00
170,445,877,26,Carrier A (DCO),177.74,12,2025-07-17 19:22:00
171,447,879,24,Carrier B (DCO),298.02,6,2025-12-03 08:07:00
172,449,884,1,Carrier B (DCO),252.6,6,2025-04-04 15:11:00
173,453,889,24,Carrier A (DCO),304.69,12,2025-12-27 19:53:00
174,457,895,36,Carrier A (DCO),131.64,6,2025-09-04 10:59:00
175,464,909,56,Carrier B (DCO),157.58,6,2025-02-05 13:46:00
176,470,922,19,In-House Agency,210.72,6,2025-12-06 08:12:00
177,472,927,39,Carrier A (DCO),111.67,12,2025-04-06 09:21:00
178,473,933,44,In-House Agency,205.42,12,2025-10-06 08:58:00
179,478,942,22,Carrier A (DCO),95.48,6,2025-12-20 15:57:00
180,486,955,20,Carrier A (DCO),160.42,12,2025-12-01 11:20:00
181,488,957,17,Carrier A (DCO),166.21,12,2025-09-22 11:41:00
182,492,967,19,In-House Agency,126.85,6,2025-05-18 11:34:00
183,499,979,41,Carrier B (DCO),125.49,6,2025-10-16 13:41:00
184,500,980,19,Carrier A (DCO),116.87,6,2025-05-01 13:59:00
185,501,981,60,In-House Agency,186.43,12,2025-02-18 09:17:00
186,502,982,59,Carrier A (DCO),262.22,12,2025-09-20 09:07:00
187,506,989,25,Carrier A (DCO),197.52,12,2025-01-20 10:05:00
188,508,991,47,In-House Agency,101.91,12,2025-06-28 18:56:00
189,509,995,5,Carrier B (DCO),234.03,12,2025-08-29 17:49:00
190,512,1001,31,Carrier A (DCO),299.86,6,2025-11-12 19:10:00
191,513,1006,36,Carrier B (DCO),218.95,12,2025-02-21 15:16:00
192,515,1010,4,Carrier A (DCO),217.58,6,2025-05-16 13:29:00
193,516,1011,30,Carrier B (DCO),260.17,12,2025-11-30 17:31:00
194,517,1013,10,Carrier B (DCO),305.39,12,2025-11-26 12:16:00
195,520,1017,36,In-House Agency,254.71,12,2025-11-09 10:31:00
196,524,1022,30,In-House Agency,243.04,6,2025-08-19 09:51:00
197,526,1024,3,Carrier A (DCO),137.05,12,2025-12-18 18:45:00
198,527,1025,51,Carrier B (DCO),161.09,6,2025-08-02 08:01:00
199,530,1028,9,Carrier A (DCO),298.97,6,2025-09-26 18:49:00
200,532,1030,23,In-House Agency,262.71,12,2025-04-07 09:59:00
201,534,1032,6,Carrier B (DCO),110.82,12,2025-02-15 13:40:00
202,538,1042,19,Carrier B (DCO),187.32,12,2025-11-10 13:09:00
203,539,1043,50,In-House Agency,265.98,6,2025-06-17 16:13:00
204,540,1045,27,Carrier B (DCO),105.06,6,2025-12-26 17:20:00
205,545,1055,21,In-House Agency,234.13,6,2025-09-13 11:00:00
206,547,1057,46,Carrier B (DCO),304.64,6,2025-08-29 09:17:00
207,549,1059,18,Carrier A (DCO),171.2,12,2025-01-25 08:28:00
208,552,1063,26,Carrier B (DCO),231.93,6,2025-07-22 10:32:00
209,554,1065,43,Carrier A (DCO),222.71,12,2025-09-08 09:02:00
210,557,1069,10,In-House Agency,244.6,6,2025-08-04 14:40:00
211,561,1078,25,Carrier A (DCO),216.24,6,2025-08-16 18:49:00
212,565,1083,1,Carrier A (DCO),166.7,12,2025-09-06 08:07:00
213,566,1084,48,In-House Agency,254.19,6,2025-11-07 12:40:00
214,567,1085,20,Carrier A (DCO),206.76,12,2025-01-08 14:03:00
215,568,1087,17,Carrier A (DCO),134.73,6,2025-11-23 15:30:00
216,569,1089,26,Carrier B (DCO),193.27,6,2025-07-21 18:41:00
217,575,1102,5,In-House Agency,272.93,6,2025-07-03 09:28:00
218,578,1106,58,Carrier B (DCO),138.11,6,2025-03-06 11:31:00
219,580,1110,13,Carrier A (DCO),178.23,6,2025-10-10 09:28:00
220,582,1113,5,Carrier A (DCO),309.59,6,2025-02-14 18:04:00
221,587,1119,25,In-House Agency,160.61,12,2025-08-16 12:51:00
222,591,1126,31,In-House Agency,162.52,12,2025-12-01 15:08:00
223,593,1129,2,In-House Agency,190.42,12,2025-12-19 18:26:00
224,595,1136,52,In-House Agency,158.01,6,2025-02-02 15:20:00
225,599,1141,48,Carrier A (DCO),205.7,12,2025-02-27 10:25:00
226,603,1148,14,Carrier A (DCO),156.89,12,2025-08-12 12:38:00
227,605,1158,15,Carrier B (DCO),123.34,6,2025-12-22 08:27:00
228,607,1160,31,Carrier B (DCO),266.3,12,2025-10-09 09:14:00
229,608,1161,8,Carrier B (DCO),300.61,6,2025-06-04 15:53:00
230,612,1168,16,Carrier A (DCO),128.74,6,2025-01-13 12:47:00
231,613,1169,8,In-House Agency,250.25,6,2025-07-21 09:47:00
232,614,1170,38,Carrier B (DCO),153.92,12,2025-07-30 14:18:00
233,621,1184,13,Carrier A (DCO),170.35,6,2025-03-01 11:17:00
234,622,1185,19,In-House Agency,211.32,6,2025-08-11 19:13:00
235,627,1193,40,In-House Agency,136.9,12,2025-10-21 16:58:00
236,629,1195,53,In-House Agency,283.11,6,2025-01-24 17:57:00
237,630,1199,58,Carrier B (DCO),184.52,6,2025-06-20 19:17:00
238,631,1200,6,In-House Agency,255.57,6,2025-04-05 13:29:00
239,633,1205,27,Carrier B (DCO),114.87,12,2025-05-09 18:43:00
240,635,1208,18,In-House Agency,236.54,12,2025-02-25 13:36:00
241,639,1218,1,Carrier B (DCO),238.71,12,2025-09-04 10:20:00
242,640,1221,2,In-House Agency,223.82,6,2025-04-27 15:12:00
243,645,1229,3,Carrier B (DCO),240.12,12,2025-03-11 14:01:00
244,649,1237,3,Carrier A (DCO),263.14,12,2025-11-14 09:14:00
245,651,1241,17,Carrier A (DCO),139.62,12,2025-08-02 18:29:00
246,652,1242,2,Carrier B (DCO),214.63,6,2025-03-29 14:38:00
247,653,1243,55,In-House Agency,305.46,12,2025-03-09 17:17:00
248,654,1245,33,Carrier A (DCO),293.64,12,2025-10-13 15:41:00
249,656,1247,6,In-House Agency,196.46,12,2025-11-16 16:32:00
250,661,1256,30,In-House Agency,150.45,6,2025-09-14 16:18:00
251,667,1266,45,Carrier B (DCO),213.67,6,2025-12-05 16:19:00
252,670,1270,1,In-House Agency,156.01,6,2025-05-20 13:17:00
253,673,1276,21,Carrier B (DCO),295.88,12,2025-09-29 19:20:00
254,674,1278,4,Carrier A (DCO),139.85,6,2025-08-08 13:27:00
255,675,1279,51,Carrier B (DCO),279.13,12,2025-07-24 19:37:00
256,679,1284,55,Carrier B (DCO),166.6,6,2025-07-16 10:07:00
257,681,1286,56,In-House Agency,114.81,6,2025-06-19 17:59:00
258,682,1289,22,Carrier B (DCO),96.37,12,2025-08-30 10:16:00
259,685,1294,29,Carrier B (DCO),180.82,6,2025-03-09 10:32:00
260,686,1296,48,In-House Agency,172.37,6,2025-11-13 08:24:00
261,687,1300,58,Carrier A (DCO),125.15,6,2025-06-28 19:42:00
262,688,1301,19,Carrier A (DCO),254.52,6,2025-07-15 08:31:00
263,692,1306,31,Carrier A (DCO),143.49,12,2025-09-17 17:06:00
264,694,1314,32,Carrier B (DCO),186.7,12,2025-10-12 09:07:00
265,695,1318,37,Carrier A (DCO),175.51,6,2025-10-13 19:09:00
266,696,1319,35,Carrier B (DCO),287.16,6,2025-11-17 09:16:00
267,703,1334,3,Carrier A (DCO),100.19,6,2025-08-03 19:29:00
268,707,1343,48,Carrier A (DCO),212.82,6,2025-06-03 11:56:00
269,709,1346,57,Carrier B (DCO),211.18,6,2025-07-22 09:58:00
270,712,1354,38,Carrier A (DCO),305.65,12,2025-03-14 19:07:00
271,713,1355,22,Carrier B (DCO),244.73,12,2025-02-19 13:11:00
272,715,1358,7,Carrier A (DCO),267.01,6,2025-03-31 11:40:00
273,716,1361,12,Carrier A (DCO),268.55,6,2025-09-26 17:33:00
274,718,1363,8,Carrier A (DCO),265.72,6,2025-12-19 16:05:00
275,719,1364,43,In-House Agency,233.29,12,2025-12-08 18:27:00
276,723,1370,32,Carrier A (DCO),293.73,6,2025-04-26 14:52:00
277,725,1374,3,Carrier B (DCO),109.3,12,2025-08-23 12:34:00
278,733,1389,27,In-House Agency,180.76,6,2025-08-07 17:12:00
279,734,1391,27,Carrier B (DCO),159.57,12,2025-07-19 16:56:00
280,738,1395,21,Carrier B (DCO),220.44,12,2025-07-08 12:06:00
281,741,1399,29,Carrier B (DCO),109.81,6,2025-01-17 09:59:00
282,742,1403,58,Carrier B (DCO),191.52,12,2025-01-25 18:05:00
283,743,1407,9,In-House Agency,113.23,6,2025-07-08 08:51:00
284,745,1410,41,Carrier A (DCO),134.9,6,2025-07-04 11:03:00
285,755,1433,47,Carrier B (DCO),148.02,12,2025-05-26 16:09:00
286,756,1434,51,Carrier A (DCO),300.91,6,2025-05-25 16:51:00
287,760,1441,9,Carrier A (DCO),114.75,12,2025-09-23 09:31:00
288,764,1447,26,Carrier B (DCO),204.84,12,2025-05-02 13:12:00
289,765,1448,21,In-House Agency,205.04,12,2025-05-19 09:47:00
290,772,1461,36,Carrier B (DCO),193.1,12,2025-09-22 19:35:00
291,777,1472,53,Carrier A (DCO),134.93,6,2025-04-25 14:22:00
292,783,1481,28,Carrier B (DCO),261.78,6,2025-03-04 12:11:00
293,786,1484,3,Carrier B (DCO),197.04,6,2025-05-30 08:10:00
294,794,1498,56,Carrier B (DCO),304.05,12,2025-06-08 12:16:00
295,796,1503,30,In-House Agency,306.53,12,2025-10-10 15:59:00
296,803,1513,57,In-House Agency,139.18,12,2025-10-09 10:50:00
297,805,1519,52,Carrier A (DCO),114.86,12,2025-04-17 15:09:00
298,806,1520,19,Carrier A (DCO),144.84,6,2025-03-28 12:35:00
299,807,1521,31,Carrier B (DCO),270.72,12,2025-08-12 19:11:00
300,811,1527,49,Carrier A (DCO),110.78,12,2025-05-18 14:24:00
301,816,1533,36,Carrier B (DCO),166.82,12,2025-05-27 13:03:00
302,820,1542,52,Carrier B (DCO),202.26,12,2025-11-14 12:06:00
303,822,1546,10,Carrier B (DCO),294.48,6,2025-08-10 12:15:00
304,825,1552,40,Carrier A (DCO),233.34,6,2025-10-08 19:18:00
305,827,1554,52,Carrier A (DCO),112.08,12,2025-05-03 10:09:00
306,829,1556,36,Carrier B (DCO),136.17,12,2025-11-02 10:52:00
307,830,1557,32,In-House Agency,302.84,6,2025-09-06 08:55:00
308,836,1568,36,In-House Agency,138.06,6,2025-06-11 15:01:00
309,839,1574,59,In-House Agency,136.75,12,2025-11-25 09:51:00
310,840,1577,25,Carrier B (DCO),98.68,12,2025-06-23 19:53:00
311,850,1594,48,In-House Agency,95.61,12,2025-01-24 09:21:00
312,855,1600,9,Carrier A (DCO),152.55,12,2025-01-11 18:33:00
313,862,1613,2,Carrier A (DCO),253.56,6,2025-02-23 10:18:00
314,868,1625,45,In-House Agency,112.23,12,2025-12-01 08:02:00
315,871,1629,33,In-House Agency,238.65,6,2025-12-06 10:11:00
316,872,1630,53,Carrier B (DCO),195.47,12,2025-06-11 11:24:00
317,873,1631,23,Carrier B (DCO),216.05,6,2025-11-29 13:23:00
318,880,1641,15,Carrier A (DCO),238.76,12,2025-12-21 16:36:00
319,887,1652,1,Carrier A (DCO),161.91,12,2025-11-22 09:34:00
320,891,1658,24,Carrier A (DCO),163.88,6,2025-07-24 12:57:00
321,894,1662,59,Carrier B (DCO),227.12,12,2025-10-19 19:44:00
322,896,1667,30,Carrier A (DCO),126.59,12,2025-02-27 17:39:00
323,902,1686,19,In-House Agency,122.96,12,2025-07-24 19:40:00
324,904,1690,26,In-House Agency,116.86,6,2025-02-27 14:15:00
325,908,1698,49,Carrier A (DCO),211.86,12,2025-08-14 19:01:00
326,909,1701,34,Carrier A (DCO),133.8,6,2025-03-24 14:43:00
327,915,1713,32,In-House Agency,229.42,6,2025-01-25 18:57:00
328,917,1715,12,Carrier A (DCO),125.18,6,2025-07-01 18:34:00
329,922,1723,18,Carrier B (DCO),118.12,12,2025-01-24 17:56:00
330,925,1729,50,In-House Agency,190.07,12,2025-08-18 16:21:00
331,926,1730,48,Carrier B (DCO),264.34,12,2025-12-13 17:58:00
332,930,1736,42,In-House Agency,131.06,6,2025-08-06 10:45:00
333,939,1749,8,Carrier B (DCO),110.02,12,2025-04-13 16:58:00
334,941,1754,45,Carrier A (DCO),138.43,6,2025-07-16 17:54:00
335,942,1756,14,In-House Agency,256.09,12,2025-10-28 12:41:00
336,943,1757,56,Carrier A (DCO),140.24,6,2025-09-23 14:03:00
337,949,1769,50,Carrier A (DCO),198.05,6,2025-03-27 15:46:00
338,950,1770,47,Carrier B (DCO),209.18,6,2025-02-16 11:44:00
339,951,1771,46,Carrier B (DCO),216.35,6,2025-06-03 13:28:00
340,953,1773,8,In-House Agency,265.39,12,2025-01-29 09:31:00
341,954,1776,22,Carrier A (DCO),194.32,12,2025-02-02 13:33:00
342,955,1778,2,Carrier B (DCO),186.57,6,2025-01-11 09:35:00
343,957,1781,2,In-House Agency,221.7,12,2025-01-26 18:29:00
344,962,1790,17,In-House Agency,194.06,12,2025-03-27 08:53:00
345,966,1796,35,Carrier B (DCO),238.32,6,2025-04-10 12:38:00
346,970,1803,60,Carrier B (DCO),296.14,12,2025-08-17 10:04:00
347,971,1804,29,In-House Agency,258.41,6,2025-01-16 08:32:00
348,975,1810,2,In-House Agency,115.93,12,2025-03-29 12:01:00
349,976,1813,35,Carrier A (DCO),115.83,6,2025-12-01 11:53:00
350,980,1818,4,Carrier B (DCO),304.81,12,2025-05-07 13:23:00
351,983,1823,20,Carrier B (DCO),150.49,6,2025-06-16 14:21:00
352,984,1826,8,Carrier B (DCO),161.78,12,2025-04-06 08:06:00
353,987,1831,5,In-House Agency,258.34,12,2025-03-23 16:03:00
354,988,1835,28,Carrier A (DCO),276.78,6,2025-05-15 19:28:00
355,989,1838,42,In-House Agency,176.59,12,2025-12-06 19:00:00
356,990,1839,42,Carrier A (DCO),149.81,6,2025-10-12 13:46:00
357,992,1841,7,Carrier A (DCO),276.15,12,2025-09-29 12:16:00
358,998,1849,11,In-House Agency,293.69,6,2025-10-23 10:14:00
359,1000,1851,43,Carrier A (DCO),175.12,12,2025-10-18 13:41:00
360,1002,1856,3,Carrier A (DCO),289.57,6,2025-08-13 19:53:00
361,1003,1857,58,In-House Agency,152.81,6,2025-05-09 13:49:00
362,1004,1858,36,In-House Agency,217.01,12,2025-04-23 08:33:00
363,1012,1871,59,In-House Agency,235.17,12,2025-10-21 11:05:00
364,1014,1877,1,In-House Agency,247.95,6,2025-09-17 17:33:00
365,1018,1884,17,Carrier B (DCO),293.04,6,2025-06-06 13:21:00
366,1019,1885,4,Carrier B (DCO),170.77,6,2025-08-30 19:52:00
367,1021,1887,7,Carrier A (DCO),224.22,12,2025-05-07 18:24:00
368,1022,1891,37,Carrier A (DCO),167.51,12,2025-07-09 15:40:00
369,1024,1893,4,In-House Agency,256.46,12,2025-07-08 18:39:00
370,1025,1894,14,Carrier A (DCO),296.6,12,2025-06-16 09:04:00
371,1026,1895,35,In-House Agency,286.76,12,2025-06-10 18:36:00
372,1027,1896,22,In-House Agency,297.22,12,2025-03-29 16:03:00
373,1028,1901,55,Carrier A (DCO),201.04,6,2025-03-28 12:06:00
374,1030,1908,37,In-House Agency,260.78,6,2025-10-20 14:42:00
375,1031,1909,52,Carrier A (DCO),150.0,6,2025-04-12 08:58:00
376,1034,1917,58,Carrier A (DCO),131.15,6,2025-04-05 17:18:00
377,1035,1919,4,In-House Agency,279.95,6,2025-05-16 19:00:00
378,1038,1928,48,Carrier A (DCO),296.86,12,2025-10-05 14:35:00
379,1039,1930,3,Carrier B (DCO),172.76,12,2025-07-23 18:02:00
380,1040,1933,11,Carrier A (DCO),158.54,6,2025-08-27 19:21:00
381,1043,1938,12,Carrier A (DCO),268.92,12,2025-07-13 14:01:00
382,1044,1941,47,Carrier B (DCO),174.7,12,2025-05-25 09:27:00
383,1047,1944,8,In-House Agency,307.27,6,2025-05-12 18:16:00
384,1049,1946,15,In-House Agency,121.23,6,2025-12-10 09:05:00
385,1051,1951,30,Carrier B (DCO),95.73,12,2025-08-21 10:52:00
386,1054,1957,12,In-House Agency,170.73,6,2025-10-27 10:09:00
387,1055,1960,54,Carrier A (DCO),195.95,6,2025-05-03 16:11:00
388,1056,1961,25,Carrier B (DCO),103.29,6,2025-11-14 13:41:00
389,1062,1971,43,Carrier B (DCO),149.06,6,2025-07-19 13:05:00
390,1068,1981,38,Carrier A (DCO),170.67,12,2025-12-03 12:36:00
391,1070,1985,3,Carrier B (DCO),137.82,12,2025-05-17 17:11:00
392,1071,1986,30,In-House Agency,176.73,12,2025-08-23 19:00:00
393,1072,1987,12,Carrier B (DCO),159.44,12,2025-07-13 17:25:00
394,1074,1990,16,In-House Agency,284.4,6,2025-11-19 10:14:00
395,1077,1996,55,Carrier A (DCO),125.41,6,2025-06-07 11:46:00
396,1078,1999,28,Carrier A (DCO),150.77,6,2025-02-13 11:59:00
397,1079,2000,35,Carrier A (DCO),295.55,6,2025-10-15 12:29:00
398,1086,2009,40,Carrier A (DCO),107.05,12,2025-07-08 15:10:00
399,1088,2015,60,Carrier A (DCO),264.55,6,2025-05-27 10:09:00
400,1091,2019,52,Carrier B (DCO),244.12,12,2025-11-16 09:37:00
401,1094,2025,32,Carrier A (DCO),279.94,12,2025-09-27 09:39:00
402,1095,2028,39,Carrier A (DCO),129.4,6,2025-06-20 14:22:00
403,1096,2029,35,Carrier A (DCO),127.45,6,2025-02-23 08:09:00
404,1101,2038,59,In-House Agency,301.35,12,2025-09-20 19:07:00
405,1102,2039,39,In-House Agency,294.98,6,2025-08-14 12:44:00
406,1103,2044,7,Carrier A (DCO),283.16,6,2025-12-02 08:00:00
407,1106,2050,14,In-House Agency,302.15,6,2025-04-21 14:35:00
408,1107,2051,20,Carrier A (DCO),288.51,6,2025-03-08 13:57:00
409,1108,2052,12,In-House Agency,99.25,6,2025-09-09 14:48:00
410,1109,2053,41,Carrier B (DCO),148.18,12,2025-07-23 14:07:00
411,1111,2057,40,In-House Agency,222.53,12,2025-07-14 18:27:00
412,1112,2058,41,Carrier A (DCO),190.69,12,2025-12-05 14:37:00
413,1119,2071,58,Carrier A (DCO),235.53,6,2025-06-15 08:07:00
414,1121,2077,22,Carrier B (DCO),202.26,12,2025-05-09 18:50:00
415,1124,2085,21,In-House Agency,278.11,12,2025-09-09 15:29:00
416,1126,2088,45,Carrier B (DCO),204.77,6,2025-10-29 14:05:00
417,1128,2093,14,Carrier B (DCO),186.34,12,2025-06-23 09:47:00
418,1130,2095,37,In-House Agency,218.65,12,2025-05-16 15:14:00
419,1138,2109,21,Carrier A (DCO),264.26,6,2025-04-22 17:30:00
420,1139,2111,3,In-House Agency,121.45,12,2025-10-27 11:45:00
421,1140,2113,32,In-House Agency,249.93,6,2025-04-23 17:03:00
422,1141,2114,46,Carrier B (DCO),238.12,12,2025-01-12 11:37:00
423,1146,2121,33,Carrier A (DCO),222.28,6,2025-03-04 14:31:00
424,1149,2132,3,In-House Agency,235.26,12,2025-05-19 09:01:00
425,1153,2144,37,In-House Agency,192.07,12,2025-01-15 17:02:00
426,1166,2167,55,In-House Agency,270.43,6,2025-10-11 14:07:00
427,1170,2173,46,In-House Agency,293.33,6,2025-10-13 08:33:00
428,1171,2174,23,Carrier B (DCO),231.99,12,2025-09-18 15:01:00
429,1173,2177,58,Carrier B (DCO),186.69,6,2025-07-31 16:09:00
430,1176,2182,25,In-House Agency,266.69,12,2025-01-20 11:22:00
431,1179,2185,18,In-House Agency,158.09,6,2025-02-13 18:13:00
432,1180,2186,24,Carrier B (DCO),304.31,6,2025-01-15 12:03:00
433,1183,2191,51,Carrier B (DCO),221.14,12,2025-06-07 12:55:00
434,1184,2192,50,Carrier B (DCO),137.16,6,2025-01-14 08:07:00
435,1187,2199,49,Carrier B (DCO),271.62,6,2025-02-01 09:13:00
436,1194,2209,10,Carrier B (DCO),110.63,12,2025-02-19 08:52:00
437,1195,2210,42,In-House Agency,119.19,12,2025-10-02 16:54:00
438,1196,2211,19,In-House Agency,269.01,6,2025-09-21 10:06:00
439,1199,2219,52,Carrier B (DCO),258.05,12,2025-11-12 10:02:00
440,1200,2221,30,Carrier A (DCO),198.45,12,2025-03-16 12:14:00
441,1201,2222,34,In-House Agency,193.69,6,2025-01-20 13:16:00
442,1205,2227,15,In-House Agency,207.84,12,2025-04-04 19:05:00
443,1208,2231,48,Carrier A (DCO),198.66,12,2025-03-20 18:56:00
444,1209,2232,32,Carrier A (DCO),227.61,12,2025-08-13 17:35:00
445,1214,2237,51,Carrier A (DCO),254.41,12,2025-08-25 09:44:00
446,1218,2246,38,Carrier A (DCO),147.61,12,2025-05-01 13:54:00
447,1220,2249,16,Carrier A (DCO),96.56,6,2025-04-20 09:08:00
448,1221,2251,49,Carrier A (DCO),125.67,12,2025-11-10 12:37:00
449,1222,2256,18,Carrier A (DCO),287.92,12,2025-09-12 09:28:00
450,1223,2258,35,Carrier A (DCO),171.07,12,2025-05-18 09:17:00
451,1225,2262,17,Carrier B (DCO),260.91,12,2025-11-25 17:12:00
452,1228,2267,24,Carrier B (DCO),131.29,6,2025-06-15 09:34:00
453,1229,2269,20,In-House Agency,97.73,6,2025-08-22 12:36:00
454,1230,2271,26,Carrier A (DCO),302.02,12,2025-04-01 12:41:00
455,1232,2274,15,Carrier B (DCO),236.7,12,2025-07-19 08:30:00
456,1234,2277,44,Carrier B (DCO),155.87,6,2025-03-05 14:22:00
457,1236,2279,49,Carrier A (DCO),271.04,12,2025-01-26 09:32:00
458,1242,2291,58,In-House Agency,225.92,6,2025-02-15 17:53:00
459,1243,2294,28,In-House Agency,204.48,12,2025-01-31 18:13:00
460,1247,2301,49,Carrier A (DCO),135.17,6,2025-02-14 15:12:00
461,1251,2316,34,In-House Agency,132.38,12,2025-12-05 08:42:00
462,1252,2318,37,Carrier A (DCO),185.94,12,2025-04-18 09:10:00
463,1254,2320,52,Carrier B (DCO),230.5,12,2025-04-12 08:05:00
464,1260,2329,43,Carrier A (DCO),301.67,12,2025-04-07 14:04:00
465,1262,2334,4,In-House Agency,135.76,12,2025-10-01 08:01:00
466,1264,2336,51,Carrier A (DCO),141.81,12,2025-06-19 13:09:00
467,1265,2337,58,Carrier B (DCO),274.06,6,2025-12-07 12:58:00
468,1268,2344,20,In-House Agency,136.75,6,2025-05-13 08:03:00
469,1269,2347,10,In-House Agency,199.12,6,2025-06-25 12:54:00
470,1273,2354,16,Carrier A (DCO),105.87,12,2025-11-08 13:57:00
471,1274,2356,46,Carrier B (DCO),260.32,12,2025-10-18 16:35:00
472,1278,2369,13,In-House Agency,167.88,12,2025-02-21 14:08:00
473,1280,2372,14,Carrier B (DCO),146.32,6,2025-07-29 18:40:00
474,1281,2375,41,Carrier A (DCO),259.99,12,2025-01-27 11:54:00
475,1282,2379,3,Carrier A (DCO),205.47,6,2025-06-23 19:35:00
476,1284,2382,21,Carrier B (DCO),211.48,6,2025-08-05 14:57:00
477,1285,2383,59,Carrier A (DCO),175.51,6,2025-08-03 18:46:00
478,1286,2384,41,Carrier B (DCO),218.0,6,2025-02-24 11:15:00
479,1288,2387,48,Carrier B (DCO),277.24,12,2025-02-20 09:35:00
480,1290,2391,11,In-House Agency,246.89,6,2025-01-25 11:36:00
481,1292,2393,38,Carrier A (DCO),143.12,6,2025-12-08 10:15:00
482,1293,2394,44,Carrier A (DCO),144.01,6,2025-04-10 12:31:00
483,1297,2399,33,Carrier A (DCO),139.58,12,2025-01-21 17:20:00
484,1302,2410,35,Carrier A (DCO),149.07,12,2025-12-12 14:47:00
485,1308,2421,23,Carrier A (DCO),106.25,6,2025-09-16 12:43:00
486,1310,2424,13,Carrier B (DCO),271.43,6,2025-04-15 14:12:00
487,1315,2434,40,In-House Agency,189.6,12,2025-01-19 13:39:00
488,1317,2436,49,Carrier B (DCO),117.79,6,2025-03-15 14:01:00
489,1318,2438,11,Carrier A (DCO),245.46,6,2025-09-05 18:41:00
490,1319,2439,59,Carrier B (DCO),262.47,12,2025-12-21 14:39:00
491,1322,2443,36,Carrier B (DCO),185.45,6,2025-06-06 16:34:00
492,1323,2444,40,In-House Agency,108.93,12,2025-12-28 13:32:00
493,1326,2447,2,In-House Agency,264.66,6,2025-12-04 16:49:00
494,1328,2456,29,In-House Agency,283.59,12,2025-12-21 08:19:00
495,1333,2464,11,In-House Agency,261.41,6,2025-11-16 13:35:00
496,1336,2468,42,Carrier A (DCO),167.38,6,2025-02-23 14:36:00
497,1338,2485,58,Carrier B (DCO),175.76,6,2025-11-24 08:13:00
498,1342,2490,34,Carrier A (DCO),157.25,12,2025-10-04 18:27:00
499,1348,2498,7,Carrier B (DCO),163.75,12,2025-05-30 14:57:00
500,1351,2503,11,Carrier A (DCO),160.42,12,2025-05-10 14:50:00
501,1352,2504,1,Carrier A (DCO),251.88,12,2025-04-11 18:57:00
502,1357,2513,36,In-House Agency,187.27,12,2025-04-30 19:34:00
503,1358,2515,57,Carrier A (DCO),116.82,6,2025-10-18 08:15:00
504,1360,2524,45,Carrier A (DCO),183.51,6,2025-07-24 08:06:00
505,1362,2526,49,Carrier B (DCO),274.14,12,2025-02-26 16:50:00
506,1363,2527,7,Carrier A (DCO),280.97,12,2025-05-26 16:05:00
507,1368,2540,8,Carrier A (DCO),247.65,6,2025-10-28 14:38:00
508,1371,2544,33,In-House Agency,252.05,12,2025-11-03 11:23:00
509,1373,2548,25,In-House Agency,190.69,12,2025-10-03 14:34:00
510,1375,2550,8,In-House Agency,128.33,6,2025-07-05 16:12:00
511,1376,2551,23,In-House Agency,152.61,6,2025-11-17 19:07:00
512,1377,2555,36,Carrier A (DCO),278.07,12,2025-02-03 19:21:00
513,1378,2557,60,In-House Agency,122.71,6,2025-12-15 08:24:00
514,1379,2559,44,In-House Agency,250.96,12,2025-05-05 17:36:00
515,1385,2568,18,Carrier B (DCO),224.08,12,2025-02-18 17:59:00
516,1386,2569,2,Carrier B (DCO),192.22,6,2025-07-27 17:50:00
517,1387,2570,22,In-House Agency,293.15,12,2025-12-17 08:58:00
518,1390,2575,20,Carrier A (DCO),117.84,6,2025-10-09 15:38:00
519,1391,2576,32,In-House Agency,168.44,12,2025-02-22 19:45:00
520,1394,2580,19,Carrier A (DCO),240.7,12,2025-05-09 15:27:00
521,1396,2583,5,In-House Agency,212.63,12,2025-11-26 11:21:00
522,1398,2585,47,Carrier B (DCO),276.85,6,2025-05-26 19:15:00
523,1401,2594,17,Carrier B (DCO),247.25,6,2025-10-12 13:00:00
524,1404,2601,9,Carrier A (DCO),144.49,12,2025-07-15 16:43:00
525,1405,2602,54,In-House Agency,245.22,12,2025-03-21 14:49:00
526,1411,2613,4,Carrier B (DCO),111.31,6,2025-06-06 12:32:00
527,1413,2618,46,Carrier B (DCO),305.9,12,2025-04-27 14:28:00
528,1415,2620,22,Carrier B (DCO),185.73,6,2025-10-11 13:15:00
529,1418,2626,46,Carrier A (DCO),267.82,12,2025-02-02 10:56:00
530,1420,2637,24,Carrier B (DCO),137.2,6,2025-03-26 09:37:00
531,1421,2638,5,Carrier B (DCO),197.82,12,2025-05-19 15:50:00
532,1425,2645,53,Carrier B (DCO),151.73,6,2025-12-14 12:00:00
533,1435,2665,44,In-House Agency,210.12,12,2025-10-12 15:09:00
534,1436,2666,28,In-House Agency,174.41,6,2025-06-16 19:59:00
535,1438,2672,4,In-House Agency,283.6,12,2025-11-27 18:02:00
536,1443,2681,18,In-House Agency,212.61,12,2025-09-25 11:27:00
537,1445,2688,49,Carrier B (DCO),290.0,6,2025-11-15 11:35:00
538,1446,2689,60,In-House Agency,123.52,6,2025-01-20 18:11:00
539,1447,2691,39,In-House Agency,279.57,6,2025-05-20 10:15:00
540,1449,2693,58,In-House Agency,136.37,12,2025-04-09 09:16:00
541,1451,2696,9,Carrier B (DCO),177.83,12,2025-09-08 13:27:00
542,1454,2699,22,In-House Agency,227.34,12,2025-02-11 15:14:00
543,1458,2703,8,In-House Agency,277.93,12,2025-06-25 11:58:00
544,1460,2705,44,Carrier A (DCO),290.59,12,2025-10-30 10:43:00
545,1464,2715,16,In-House Agency,123.41,6,2025-08-15 11:15:00
546,1467,2720,38,Carrier A (DCO),112.37,12,2025-06-08 08:29:00
547,1468,2722,35,Carrier A (DCO),284.66,12,2025-11-11 13:16:00
548,1472,2727,11,Carrier B (DCO),158.88,12,2025-03-20 11:46:00
549,1473,2728,14,In-House Agency,159.11,12,2025-01-03 16:14:00
550,1474,2730,27,Carrier B (DCO),222.53,6,2025-05-25 08:01:00
551,1479,2737,4,In-House Agency,278.54,6,2025-06-14 08:27:00
552,1480,2738,5,Carrier A (DCO),308.53,12,2025-09-20 13:53:00
553,1487,2750,47,In-House Agency,147.11,12,2025-10-22 17:02:00
554,1488,2754,13,Carrier A (DCO),141.4,12,2025-06-24 08:30:00
555,1490,2763,37,Carrier A (DCO),287.91,6,2025-06-10 12:53:00
556,1493,2770,55,Carrier B (DCO),183.17,6,2025-03-27 11:16:00
557,1496,2776,19,Carrier B (DCO),121.79,12,2025-06-19 12:08:00
558,1497,2779,40,Carrier A (DCO),282.52,12,2025-11-02 09:05:00
559,1498,2780,2,Carrier B (DCO),185.05,6,2025-04-29 16:46:00
560,1500,2782,24,Carrier B (DCO),258.29,12,2025-11-17 19:36:00
561,1501,2786,55,Carrier B (DCO),186.98,6,2025-03-17 18:26:00
562,1502,2788,56,In-House Agency,275.58,12,2025-10-16 16:36:00
563,1504,2791,25,In-House Agency,155.47,12,2025-06-27 19:47:00
564,1510,2800,4,Carrier B (DCO),180.66,12,2025-01-24 13:15:00
565,1511,2803,59,In-House Agency,111.92,12,2025-12-18 14:04:00
566,1513,2808,27,Carrier A (DCO),254.18,12,2025-08-02 08:33:00
567,1514,2810,1,Carrier B (DCO),154.82,12,2025-04-11 10:58:00
568,1516,2813,33,Carrier B (DCO),225.23,6,2025-07-04 19:14:00
569,1518,2819,21,Carrier A (DCO),292.08,6,2025-07-08 14:29:00
570,1519,2820,23,In-House Agency,114.72,6,2025-11-18 16:04:00
571,1520,2822,12,Carrier A (DCO),275.69,12,2025-06-11 10:30:00
572,1521,2823,58,Carrier A (DCO),113.03,6,2025-04-10 13:14:00
573,1523,2825,48,Carrier B (DCO),254.41,12,2025-08-04 12:07:00
574,1532,2836,54,Carrier B (DCO),243.91,6,2025-04-16 12:55:00
575,1533,2837,6,Carrier B (DCO),138.91,12,2025-12-06 14:51:00
576,1535,2842,43,Carrier B (DCO),121.07,12,2025-08-26 19:15:00
577,1538,2849,46,Carrier A (DCO),103.97,12,2025-10-12 18:53:00
578,1543,2859,42,In-House Agency,141.22,12,2025-12-04 16:03:00
579,1544,2860,37,In-House Agency,282.96,6,2025-11-21 12:35:00
580,1545,2861,1,Carrier B (DCO),181.05,12,2025-02-15 12:17:00
581,1546,2863,28,Carrier A (DCO),230.26,6,2025-09-11 09:38:00
582,1548,2866,42,In-House Agency,124.83,6,2025-12-09 17:23:00
583,1550,2869,39,In-House Agency,154.63,12,2025-09-23 11:43:00
584,1553,2874,10,Carrier A (DCO),159.17,12,2025-01-16 15:07:00
585,1555,2876,53,Carrier B (DCO),301.81,12,2025-12-09 12:41:00
586,1559,2890,10,Carrier B (DCO),190.71,12,2025-03-05 15:15:00
587,1560,2891,24,Carrier A (DCO),123.56,6,2025-12-15 11:51:00
588,1564,2898,7,Carrier A (DCO),164.29,12,2025-02-21 18:34:00
589,1568,2905,16,In-House Agency,139.52,12,2025-04-21 14:58:00
590,1570,2908,54,In-House Agency,276.79,6,2025-02-11 16:24:00
591,1574,2914,30,Carrier A (DCO),232.09,6,2025-01-15 14:50:00
592,1575,2916,36,Carrier A (DCO),137.78,12,2025-10-01 11:43:00
593,1576,2917,54,Carrier A (DCO),198.2,6,2025-11-26 19:45:00
594,1577,2918,23,Carrier A (DCO),290.84,12,2025-03-09 16:40:00
595,1583,2925,47,Carrier B (DCO),211.71,12,2025-08-24 19:51:00
596,1591,2943,36,In-House Agency,256.99,12,2025-06-28 13:19:00
597,1593,2945,28,Carrier A (DCO),144.17,6,2025-10-13 15:02:00
598,1594,2950,12,Carrier B (DCO),96.79,6,2025-10-31 15:00:00
599,1597,2953,43,Carrier B (DCO),234.8,12,2025-02-09 18:43:00
600,1603,2962,41,In-House Agency,190.38,12,2025-07-14 13:53:00
601,1604,2963,60,Carrier B (DCO),272.75,12,2025-08-30 17:05:00
602,1607,2976,8,Carrier B (DCO),185.54,12,2025-08-28 10:58:00
603,1608,2977,40,Carrier A (DCO),128.95,12,2025-05-07 17:26:00
604,1614,2987,44,Carrier A (DCO),158.02,12,2025-04-28 11:45:00
605,1615,2988,53,Carrier B (DCO),105.36,6,2025-08-24 15:45:00
606,1616,2991,44,Carrier A (DCO),174.84,6,2025-12-21 16:51:00
607,1618,2997,43,Carrier A (DCO),193.51,6,2025-12-11 13:38:00
608,1624,3006,30,In-House Agency,262.93,12,2025-04-29 16:48:00
609,1629,3011,23,Carrier B (DCO),265.84,12,2025-08-17 19:35:00
610,1630,3012,31,In-House Agency,128.05,6,2025-02-28 13:52:00
611,1631,3015,54,Carrier B (DCO),124.05,6,2025-04-21 12:15:00
612,1632,3016,34,Carrier A (DCO),227.24,12,2025-04-25 19:45:00
613,1634,3018,45,Carrier B (DCO),262.27,6,2025-04-13 11:02:00
614,1636,3023,50,Carrier B (DCO),112.82,12,2025-05-28 12:19:00
615,1637,3024,10,In-House Agency,274.82,6,2025-01-19 15:04:00
616,1640,3030,19,In-House Agency,117.28,12,2025-02-02 09:44:00
617,1641,3032,1,Carrier B (DCO),265.36,12,2025-06-23 16:13:00
618,1643,3036,34,Carrier B (DCO),255.78,12,2025-08-30 12:04:00
619,1645,3039,39,Carrier A (DCO),178.53,12,2025-08-06 16:25:00
620,1648,3044,5,Carrier A (DCO),293.21,12,2025-08-20 17:27:00
621,1649,3045,29,In-House Agency,182.54,6,2025-05-30 17:06:00
622,1656,3057,26,Carrier A (DCO),165.79,6,2025-07-28 08:42:00
623,1657,3058,6,Carrier B (DCO),110.14,12,2025-03-02 19:39:00
624,1658,3059,41,In-House Agency,205.08,12,2025-09-30 17:39:00
625,1659,3060,4,Carrier A (DCO),239.88,12,2025-12-26 16:07:00
626,1660,3063,50,In-House Agency,251.36,12,2025-10-06 09:40:00
627,1665,3069,18,Carrier A (DCO),110.99,6,2025-05-12 17:45:00
628,1667,3071,50,Carrier A (DCO),131.92,6,2025-11-30 19:46:00
629,1668,3073,26,In-House Agency,266.21,12,2025-08-01 15:49:00
630,1669,3078,26,Carrier B (DCO),252.01,6,2025-12-05 13:25:00
631,1671,3082,23,In-House Agency,191.58,12,2025-06-06 12:53:00
632,1672,3086,57,In-House Agency,122.71,6,2025-02-13 11:26:00
633,1685,3106,58,Carrier A (DCO),120.0,12,2025-07-11 08:00:00
634,1688,3115,40,Carrier B (DCO),194.45,12,2025-11-01 09:54:00
635,1692,3122,42,In-House Agency,279.87,6,2025-12-25 15:32:00
636,1693,3125,22,In-House Agency,267.25,12,2025-03-12 19:42:00
637,1694,3127,4,Carrier B (DCO),265.33,12,2025-04-12 13:23:00
638,1695,3128,23,Carrier B (DCO),110.83,12,2025-08-28 15:51:00
639,1696,3130,6,Carrier B (DCO),253.01,6,2025-11-24 18:45:00
640,1698,3135,37,In-House Agency,272.33,6,2025-11-19 14:56:00
641,1702,3143,57,Carrier A (DCO),162.84,12,2025-03-27 10:57:00
642,1703,3149,17,Carrier B (DCO),201.39,12,2025-06-27 14:20:00
643,1704,3150,31,In-House Agency,202.53,6,2025-09-05 14:33:00
644,1705,3152,46,Carrier A (DCO),233.78,6,2025-12-05 11:04:00
645,1711,3162,15,Carrier B (DCO),289.46,12,2025-12-26 18:14:00
646,1713,3164,49,Carrier B (DCO),262.39,12,2025-05-23 09:57:00
647,1716,3167,3,Carrier B (DCO),221.47,12,2025-07-12 10:18:00
648,1717,3168,48,In-House Agency,214.94,12,2025-01-31 10:28:00
649,1718,3170,59,In-House Agency,226.08,6,2025-09-29 09:15:00
650,1722,3179,54,In-House Agency,194.12,12,2025-08-17 15:48:00
651,1726,3184,45,Carrier B (DCO),206.47,6,2025-05-07 19:08:00
652,1735,3204,51,In-House Agency,224.78,12,2025-05-23 15:41:00
653,1737,3208,32,Carrier A (DCO),155.94,12,2025-05-09 08:00:00
654,1738,3210,38,In-House Agency,214.36,6,2025-12-15 11:55:00
655,1742,3218,6,In-House Agency,169.17,12,2025-08-26 10:51:00
656,1743,3219,60,Carrier B (DCO),234.77,6,2025-02-11 09:19:00
657,1745,3226,58,In-House Agency,217.16,12,2025-01-29 09:08:00
658,1749,3230,40,In-House Agency,279.75,6,2025-02-24 16:34:00
659,1751,3232,56,In-House Agency,251.32,6,2025-11-04 14:56:00
660,1753,3236,51,Carrier B (DCO),100.98,12,2025-04-02 14:22:00
661,1761,3251,27,Carrier A (DCO),200.59,6,2025-08-10 15:21:00
662,1763,3254,46,Carrier A (DCO),160.99,6,2025-04-26 09:33:00
663,1764,3255,39,Carrier B (DCO),176.5,6,2025-04-07 14:32:00
664,1765,3256,49,In-House Agency,153.63,12,2025-05-18 18:26:00
665,1767,3259,42,Carrier B (DCO),236.5,12,2025-08-30 08:50:00
666,1768,3260,38,Carrier B (DCO),102.13,6,2025-04-19 11:17:00
667,1771,3266,60,Carrier B (DCO),244.88,6,2025-02-14 14:45:00
668,1777,3280,43,In-House Agency,215.51,6,2025-09-11 13:59:00
669,1778,3281,7,Carrier A (DCO),182.33,12,2025-03-29 14:46:00
670,1781,3290,52,Carrier B (DCO),179.96,6,2025-06-08 16:06:00
671,1782,3292,52,Carrier B (DCO),226.46,12,2025-01-28 13:10:00
672,1783,3294,3,Carrier B (DCO),205.71,12,2025-09-01 19:30:00
673,1786,3300,20,Carrier A (DCO),136.08,6,2025-03-26 16:17:00
674,1787,3302,58,In-House Agency,267.2,6,2025-10-22 15:26:00
675,1791,3309,49,In-House Agency,101.42,12,2025-11-05 18:42:00
676,1794,3313,16,Carrier B (DCO),227.24,12,2025-12-25 13:50:00
677,1795,3314,48,Carrier A (DCO),205.41,6,2025-05-31 18:09:00
678,1796,3318,39,Carrier A (DCO),160.01,12,2025-02-07 11:54:00
679,1799,3323,54,Carrier A (DCO),255.0,6,2025-06-16 18:21:00
680,1801,3326,23,Carrier B (DCO),128.91,12,2025-01-23 12:25:00
681,1802,3328,23,In-House Agency,171.47,6,2025-05-16 08:33:00
682,1803,3329,35,Carrier A (DCO),289.51,12,2025-02-03 12:28:00
683,1805,3336,50,Carrier A (DCO),109.74,6,2025-01-21 16:05:00
684,1806,3337,59,In-House Agency,217.16,12,2025-07-19 08:56:00
685,1808,3345,60,Carrier B (DCO),211.29,12,2025-09-04 19:08:00
686,1811,3351,53,Carrier A (DCO),276.85,12,2025-12-11 16:03:00
687,1812,3353,54,In-House Agency,286.34,6,2025-04-28 16:44:00
688,1815,3360,12,In-House Agency,113.4,6,2025-06-14 14:54:00
689,1817,3362,1,Carrier B (DCO),124.48,6,2025-03-13 12:38:00
690,1818,3364,51,Carrier B (DCO),255.39,12,2025-12-14 15:08:00
691,1823,3375,56,In-House Agency,216.88,12,2025-12-21 15:33:00
692,1824,3376,50,Carrier B (DCO),261.9,12,2025-11-18 16:33:00
693,1825,3377,35,In-House Agency,134.92,6,2025-03-18 15:33:00
694,1831,3387,29,In-House Agency,139.29,12,2025-03-30 13:47:00
695,1832,3389,47,Carrier A (DCO),119.85,12,2025-10-13 11:29:00
696,1833,3390,28,Carrier A (DCO),120.27,12,2025-05-03 12:35:00
697,1834,3392,47,Carrier B (DCO),150.01,12,2025-10-07 13:25:00
698,1836,3395,35,Carrier A (DCO),223.72,12,2025-04-04 18:37:00
699,1838,3399,52,In-House Agency,145.53,12,2025-08-13 16:45:00
700,1846,3414,25,Carrier A (DCO),237.88,12,2025-10-31 17:12:00
701,1852,3426,3,Carrier B (DCO),293.86,6,2025-09-17 11:26:00
702,1858,3440,41,Carrier B (DCO),293.32,12,2025-10-13 15:16:00
703,1864,3455,8,Carrier A (DCO),120.26,12,2025-07-02 08:01:00
704,1867,3460,21,In-House Agency,135.38,6,2025-05-07 17:22:00
705,1868,3461,56,In-House Agency,263.44,6,2025-02-28 11:03:00
706,1869,3465,8,In-House Agency,157.45,12,2025-06-26 17:59:00
707,1872,3470,40,In-House Agency,306.4,12,2025-01-28 12:59:00
708,1873,3471,47,In-House Agency,276.77,6,2025-03-08 13:57:00
709,1874,3475,13,Carrier B (DCO),214.47,12,2025-05-29 14:51:00
710,1876,3477,36,Carrier B (DCO),258.21,6,2025-11-21 13:58:00
711,1878,3480,3,Carrier A (DCO),305.6,6,2025-10-09 17:05:00
712,1891,3501,17,In-House Agency,218.5,6,2025-09-01 13:26:00
713,1892,3502,24,In-House Agency,151.57,12,2025-11-20 14:26:00
714,1898,3510,10,Carrier A (DCO),183.96,6,2025-01-23 11:12:00
715,1899,3511,26,Carrier B (DCO),192.54,6,2025-02-22 08:43:00
716,1904,3516,22,In-House Agency,208.52,12,2025-09-06 14:47:00
717,1905,3519,35,Carrier B (DCO),261.56,6,2025-09-24 11:00:00
718,1906,3520,21,Carrier A (DCO),219.19,12,2025-09-10 11:28:00
719,1907,3521,60,Carrier B (DCO),189.78,6,2025-09-01 16:57:00
720,1908,3522,44,In-House Agency,275.72,12,2025-04-29 14:38:00
721,1914,3533,11,Carrier B (DCO),277.99,12,2025-10-10 10:44:00
722,1916,3535,28,In-House Agency,242.46,12,2025-01-20 09:13:00
723,1918,3538,57,In-House Agency,119.3,12,2025-10-04 15:28:00
724,1919,3540,22,In-House Agency,195.98,6,2025-12-06 17:12:00
725,1922,3544,15,In-House Agency,240.24,6,2025-05-10 09:11:00
726,1927,3551,13,Carrier A (DCO),284.64,12,2025-07-18 16:24:00
727,1929,3553,18,In-House Agency,222.5,6,2025-03-03 09:58:00
728,1931,3557,3,Carrier B (DCO),275.94,12,2025-04-14 13:18:00
729,1938,3570,14,Carrier B (DCO),278.76,6,2025-09-21 19:01:00
730,1939,3573,26,Carrier A (DCO),296.99,12,2025-08-04 18:20:00
731,1940,3576,58,Carrier B (DCO),181.57,12,2025-02-21 10:34:00
732,1941,3577,17,Carrier B (DCO),197.47,6,2025-01-10 10:20:00
733,1942,3578,16,Carrier B (DCO),177.75,12,2025-05-16 18:45:00
734,1945,3586,42,Carrier B (DCO),285.2,6,2025-04-11 13:57:00
735,1954,3605,20,In-House Agency,127.91,6,2025-10-16 15:02:00
736,1957,3609,5,Carrier A (DCO),137.84,12,2025-02-02 10:03:00
737,1963,3616,38,Carrier A (DCO),169.78,6,2025-12-13 17:06:00
738,1970,3627,9,Carrier B (DCO),196.05,12,2025-06-04 15:49:00
739,1971,3628,1,Carrier A (DCO),263.95,12,2025-05-05 18:27:00
740,1972,3629,50,Carrier A (DCO),257.27,6,2025-10-07 15:28:00
741,1975,3634,30,Carrier B (DCO),158.64,12,2025-05-26 09:56:00
742,1976,3635,42,Carrier A (DCO),222.25,6,2025-12-16 15:06:00
743,1979,3639,40,Carrier A (DCO),209.8,6,2025-10-30 14:33:00
744,1980,3641,38,Carrier B (DCO),222.53,12,2025-12-10 18:10:00
745,1981,3643,46,Carrier B (DCO),150.74,12,2025-12-10 19:44:00
746,1984,3648,9,Carrier B (DCO),269.11,6,2025-03-12 09:48:00
747,1986,3658,44,In-House Agency,155.17,12,2025-12-08 18:58:00
748,1989,3665,15,In-House Agency,184.92,6,2025-11-30 08:00:00
749,1990,3666,9,In-House Agency,149.05,12,2025-07-28 13:13:00
750,1995,3679,60,In-House Agency,245.64,12,2025-01-23 08:37:00
751,1999,3692,17,In-House Agency,221.67,12,2025-05-18 13:25:00
752,2000,3696,10,Carrier B (DCO),264.35,6,2025-05-16 13:49:00
753,2009,3714,43,Carrier B (DCO),304.12,12,2025-08-21 18:08:00
754,2016,3726,46,Carrier B (DCO),298.08,6,2025-10-05 19:27:00
755,2019,3730,44,Carrier A (DCO),211.11,6,2025-11-16 13:40:00
756,2020,3731,5,In-House Agency,153.19,12,2025-10-23 13:27:00
757,2021,3732,27,Carrier A (DCO),156.91,6,2025-05-01 18:34:00
758,2022,3733,6,In-House Agency,275.21,6,2025-05-28 10:56:00
759,2023,3734,19,In-House Agency,224.05,6,2025-09-30 17:40:00
760,2025,3737,60,Carrier B (DCO),189.78,12,2025-03-15 11:21:00
761,2027,3739,38,Carrier A (DCO),273.94,6,2025-05-07 11:56:00
762,2028,3740,17,In-House Agency,304.07,12,2025-05-01 15:30:00
763,2030,3742,10,In-House Agency,292.82,12,2025-08-19 18:11:00
764,2031,3743,12,Carrier A (DCO),95.83,12,2025-01-24 11:25:00
765,2034,3750,31,In-House Agency,236.49,12,2025-08-22 14:40:00
766,2036,3755,23,In-House Agency,293.13,6,2025-10-22 10:36:00
767,2037,3756,54,Carrier A (DCO),134.56,12,2025-07-30 13:30:00
768,2039,3761,20,In-House Agency,307.69,6,2025-12-16 16:16:00
769,2042,3770,20,In-House Agency,241.64,6,2025-08-10 12:40:00
770,2045,3780,57,Carrier B (DCO),133.78,6,2025-04-04 13:09:00
771,2051,3790,12,In-House Agency,141.16,6,2025-04-22 18:47:00
772,2054,3794,35,Carrier A (DCO),204.05,6,2025-08-08 08:10:00
773,2055,3796,22,Carrier A (DCO),225.79,12,2025-04-28 08:28:00
774,2057,3799,47,Carrier B (DCO),295.76,6,2025-04-27 15:57:00
775,2058,3802,9,Carrier B (DCO),287.51,6,2025-01-15 13:01:00
776,2059,3803,12,Carrier B (DCO),279.01,12,2025-06-11 08:42:00
777,2064,3811,11,Carrier B (DCO),231.76,12,2025-08-22 11:23:00
778,2065,3818,39,Carrier B (DCO),148.52,6,2025-02-14 14:40:00
779,2066,3821,17,In-House Agency,185.21,12,2025-12-23 12:17:00
780,2067,3822,24,Carrier A (DCO),113.07,12,2025-07-16 12:36:00
781,2068,3823,22,Carrier A (DCO),279.1,12,2025-09-05 09:10:00
782,2069,3824,40,Carrier A (DCO),288.95,12,2025-03-11 10:16:00
783,2073,3830,53,In-House Agency,221.92,12,2025-12-06 11:47:00
784,2079,3842,39,Carrier B (DCO),249.78,12,2025-12-01 19:43:00
785,2080,3843,35,Carrier B (DCO),304.21,12,2025-02-25 16:40:00
786,2082,3848,4,Carrier A (DCO),167.32,12,2025-09-23 08:52:00
787,2087,3857,25,Carrier B (DCO),255.78,6,2025-05-17 08:25:00
788,2092,3866,4,Carrier B (DCO),138.44,6,2025-04-22 14:39:00
789,2094,3869,34,Carrier A (DCO),187.92,6,2025-06-17 13:40:00
790,2100,3879,44,In-House Agency,295.66,6,2025-07-04 18:21:00
791,2102,3882,7,Carrier A (DCO),267.41,12,2025-08-08 15:20:00
792,2103,3883,54,Carrier A (DCO),281.88,12,2025-04-16 09:22:00
793,2104,3884,44,Carrier B (DCO),254.68,12,2025-02-04 09:55:00
794,2105,3885,27,Carrier A (DCO),178.42,12,2025-08-15 13:07:00
795,2106,3887,27,In-House Agency,181.88,12,2025-04-12 17:28:00
796,2111,3892,30,Carrier A (DCO),185.31,6,2025-12-25 13:26:00
797,2112,3893,31,Carrier B (DCO),130.73,6,2025-04-22 12:56:00
798,2114,3902,40,In-House Agency,205.82,12,2025-06-17 17:03:00
799,2117,3905,7,Carrier B (DCO),214.42,12,2025-11-05 10:18:00
800,2119,3907,11,Carrier B (DCO),152.67,12,2025-01-07 13:28:00
801,2120,3909,49,In-House Agency,270.14,12,2025-07-26 11:42:00
802,2122,3916,7,Carrier A (DCO),308.98,6,2025-10-21 11:59:00
803,2124,3920,38,Carrier A (DCO),221.62,12,2025-11-25 15:12:00
804,2127,3925,34,In-House Agency,264.3,6,2025-01-30 08:28:00
805,2128,3929,7,Carrier A (DCO),125.84,12,2025-04-24 18:50:00
806,2133,3937,29,Carrier B (DCO),121.32,6,2025-01-10 11:14:00
807,2139,3946,24,Carrier A (DCO),211.84,12,2025-03-02 19:26:00
808,2140,3949,56,Carrier B (DCO),204.47,12,2025-11-08 19:47:00
809,2141,3950,58,Carrier A (DCO),159.64,12,2025-07-02 08:21:00
810,2143,3952,18,In-House Agency,255.7,12,2025-12-26 17:59:00
811,2145,3955,13,Carrier A (DCO),295.63,12,2025-03-09 10:22:00
812,2147,3960,1,In-House Agency,220.61,6,2025-06-13 19:50:00
813,2150,3963,42,Carrier A (DCO),147.48,12,2025-11-28 10:47:00
814,2159,3978,11,In-House Agency,301.01,6,2025-10-27 08:32:00
815,2161,3980,55,Carrier A (DCO),144.81,6,2025-06-24 13:02:00
816,2164,3986,49,Carrier B (DCO),120.35,6,2025-05-27 09:03:00
817,2169,3995,14,Carrier B (DCO),127.14,6,2025-12-16 15:24:00
818,2173,4001,24,In-House Agency,138.12,6,2025-07-26 14:34:00
819,2176,4004,52,Carrier B (DCO),133.92,6,2025-02-09 08:16:00
820,2177,4006,8,In-House Agency,303.29,12,2025-03-23 18:10:00
821,2181,4013,34,Carrier A (DCO),192.49,12,2025-04-04 17:52:00
822,2182,4021,7,Carrier B (DCO),176.06,6,2025-09-05 14:43:00
823,2186,4030,45,Carrier A (DCO),245.84,6,2025-07-03 18:03:00
824,2188,4036,60,Carrier A (DCO),162.79,12,2025-12-09 15:00:00
825,2190,4039,21,Carrier B (DCO),234.35,6,2025-10-20 15:51:00
826,2193,4045,29,Carrier A (DCO),131.08,12,2025-02-03 08:49:00
827,2201,4063,43,Carrier A (DCO),203.36,6,2025-10-30 17:15:00
828,2203,4067,27,Carrier A (DCO),268.33,6,2025-03-19 16:13:00
829,2204,4072,43,In-House Agency,155.6,6,2025-10-23 11:47:00
830,2205,4074,55,Carrier B (DCO),196.2,6,2025-10-26 09:42:00
831,2206,4075,56,In-House Agency,132.28,12,2025-02-12 15:45:00
832,2207,4076,31,Carrier B (DCO),140.52,6,2025-11-19 13:56:00
833,2209,4078,34,Carrier A (DCO),247.86,12,2025-10-03 16:53:00
834,2217,4095,9,In-House Agency,194.92,6,2025-11-24 12:13:00
835,2218,4099,1,Carrier B (DCO),111.13,6,2025-06-14 14:05:00
836,2220,4104,59,Carrier B (DCO),200.27,6,2025-11-03 19:03:00
837,2222,4109,49,Carrier A (DCO),309.75,6,2025-01-29 19:59:00
838,2226,4115,25,Carrier A (DCO),105.67,6,2025-11-12 10:25:00
839,2227,4116,33,Carrier B (DCO),257.94,12,2025-10-28 09:44:00
840,2232,4124,47,Carrier B (DCO),271.05,12,2026-01-01 16:07:00
841,2235,4130,33,Carrier A (DCO),213.12,6,2025-03-07 13:10:00
842,2240,4137,12,Carrier A (DCO),112.06,12,2025-07-05 13:24:00
843,2246,4146,13,In-House Agency,250.82,12,2025-09-01 18:36:00
844,2248,4149,2,Carrier B (DCO),206.11,12,2025-08-16 17:19:00
845,2251,4153,1,In-House Agency,141.64,6,2025-07-16 13:05:00
846,2252,4154,52,In-House Agency,117.95,6,2025-04-16 10:30:00
847,2253,4155,56,In-House Agency,218.3,12,2025-09-27 11:00:00
848,2256,4158,31,In-House Agency,291.51,12,2025-09-05 19:48:00
849,2257,4161,33,Carrier A (DCO),140.41,12,2025-10-16 18:09:00
850,2263,4167,3,Carrier B (DCO),125.12,6,2025-12-24 15:02:00
851,2267,4174,15,Carrier B (DCO),106.75,12,2025-11-23 10:23:00
852,2268,4175,29,Carrier B (DCO),222.6,12,2025-05-04 15:50:00
853,2272,4180,39,In-House Agency,266.6,6,2025-08-13 12:38:00
854,2273,4181,33,Carrier B (DCO),148.0,12,2025-09-09 10:52:00
855,2274,4183,20,Carrier A (DCO),135.92,12,2025-08-22 14:05:00
856,2275,4185,14,In-House Agency,238.41,12,2025-10-11 10:55:00
857,2276,4186,31,In-House Agency,283.52,12,2025-06-27 09:09:00
858,2282,4196,57,Carrier A (DCO),148.65,6,2025-02-20 16:33:00
859,2283,4197,54,Carrier A (DCO),216.12,6,2025-11-23 12:51:00
860,2288,4210,32,In-House Agency,227.45,6,2025-06-03 13:11:00
861,2293,4219,44,Carrier A (DCO),114.49,12,2025-08-10 10:00:00
862,2294,4222,15,Carrier A (DCO),197.2,12,2025-03-10 13:29:00
863,2296,4227,10,Carrier B (DCO),254.64,6,2025-04-11 13:56:00
864,2297,4228,29,Carrier A (DCO),202.15,12,2025-08-24 19:50:00
865,2300,4232,27,Carrier B (DCO),287.58,12,2025-08-19 14:38:00
866,2301,4234,1,Carrier B (DCO),284.83,6,2025-04-13 18:56:00
867,2303,4236,30,Carrier B (DCO),97.63,12,2025-04-07 12:54:00
868,2304,4242,57,Carrier A (DCO),143.23,12,2025-06-13 17:09:00
869,2306,4253,16,Carrier A (DCO),274.76,12,2025-08-22 13:03:00
870,2307,4255,34,In-House Agency,228.33,12,2025-06-27 08:38:00
871,2309,4257,48,Carrier A (DCO),114.43,12,2025-11-22 10:47:00
872,2311,4262,46,In-House Agency,119.97,12,2025-04-25 18:45:00
873,2314,4267,52,In-House Agency,267.16,6,2025-01-09 15:13:00
874,2319,4276,24,In-House Agency,215.21,12,2025-03-07 18:28:00
875,2321,4278,21,Carrier B (DCO),164.21,12,2025-06-11 16:46:00
876,2325,4286,30,In-House Agency,219.85,6,2025-01-10 08:30:00
877,2326,4287,10,Carrier B (DCO),215.16,6,2025-02-26 14:21:00
878,2329,4295,18,Carrier B (DCO),224.3,6,2025-01-08 11:56:00
879,2330,4297,4,Carrier B (DCO),172.26,6,2025-07-20 08:56:00
880,2332,4300,36,Carrier B (DCO),108.01,12,2025-11-04 19:05:00
881,2333,4301,6,Carrier B (DCO),107.87,6,2025-09-27 12:15:00
882,2348,4333,31,Carrier B (DCO),186.82,6,2025-04-08 11:03:00
883,2351,4338,3,Carrier A (DCO),151.58,6,2025-05-12 08:51:00
884,2353,4341,57,Carrier A (DCO),196.92,12,2025-12-24 08:47:00
885,2354,4342,16,Carrier B (DCO),218.72,12,2025-01-05 13:12:00
886,2356,4346,55,Carrier B (DCO),292.65,12,2025-10-08 19:55:00
887,2357,4347,55,Carrier B (DCO),116.57,6,2025-04-10 10:01:00
888,2359,4349,16,Carrier B (DCO),228.37,6,2025-08-22 17:13:00
889,2360,4350,24,Carrier B (DCO),180.07,12,2025-04-23 08:44:00
890,2365,4357,5,In-House Agency,147.12,12,2025-10-20 08:53:00
891,2367,4359,17,Carrier A (DCO),133.58,12,2025-09-17 17:56:00
892,2369,4363,43,In-House Agency,177.0,12,2025-06-28 09:57:00
893,2370,4364,20,Carrier A (DCO),208.96,6,2025-05-28 13:52:00
894,2371,4366,27,Carrier B (DCO),251.01,6,2025-09-21 15:24:00
895,2372,4367,43,Carrier A (DCO),186.58,12,2025-10-08 14:26:00
896,2373,4368,48,Carrier B (DCO),103.12,12,2025-03-02 09:45:00
897,2376,4371,12,In-House Agency,266.04,12,2025-10-18 17:31:00
898,2378,4374,57,Carrier A (DCO),168.58,6,2025-08-02 14:06:00
899,2381,4381,24,Carrier B (DCO),215.22,12,2025-02-07 09:52:00
900,2385,4386,21,In-House Agency,100.07,6,2025-10-16 08:43:00
901,2386,4388,60,In-House Agency,155.79,6,2025-06-19 16:20:00
902,2387,4389,51,Carrier A (DCO),301.84,6,2025-01-12 09:12:00
903,2388,4390,22,Carrier B (DCO),97.89,6,2025-04-05 16:40:00
904,2389,4391,18,Carrier A (DCO),303.07,12,2025-02-15 19:23:00
905,2390,4394,38,In-House Agency,174.47,12,2025-05-17 14:12:00
906,2391,4395,27,Carrier B (DCO),227.36,6,2025-01-29 14:24:00
907,2392,4398,51,In-House Agency,163.72,6,2025-05-31 16:28:00
908,2394,4406,2,In-House Agency,304.86,12,2025-07-06 08:05:00
909,2397,4411,11,Carrier B (DCO),176.15,6,2025-09-20 18:28:00
910,2405,4424,49,In-House Agency,245.06,12,2025-03-10 18:08:00
911,2408,4428,36,In-House Agency,238.28,12,2025-07-31 18:56:00
912,2409,4429,17,Carrier A (DCO),107.99,6,2025-08-12 16:58:00
913,2413,4439,58,In-House Agency,238.58,6,2025-08-04 11:42:00
914,2419,4449,19,Carrier B (DCO),249.66,6,2025-02-10 18:49:00
915,2420,4451,43,In-House Agency,204.19,12,2025-02-15 10:07:00
916,2421,4452,9,Carrier A (DCO),156.1,12,2025-09-25 15:36:00
917,2423,4455,30,Carrier A (DCO),222.05,12,2025-01-24 16:47:00
918,2424,4456,51,In-House Agency,274.04,6,2025-12-17 09:11:00
919,2425,4457,26,Carrier B (DCO),304.56,12,2025-06-16 08:31:00
920,2435,4479,60,In-House Agency,231.78,6,2025-03-22 13:43:00
921,2436,4480,8,Carrier A (DCO),235.4,12,2025-10-06 13:37:00
922,2437,4482,5,Carrier A (DCO),249.78,6,2025-11-18 09:00:00
923,2440,4489,32,In-House Agency,176.23,6,2025-10-03 14:25:00
924,2444,4494,37,In-House Agency,181.7,12,2025-10-16 10:28:00
925,2445,4497,38,In-House Agency,236.44,6,2025-07-09 12:01:00
926,2448,4501,40,Carrier A (DCO),100.66,12,2025-02-12 12:38:00
927,2455,4520,11,Carrier B (DCO),163.72,6,2025-04-25 10:17:00
928,2457,4522,11,Carrier B (DCO),279.19,6,2025-10-23 12:50:00
929,2459,4528,30,In-House Agency,100.26,12,2025-07-15 15:30:00
930,2460,4530,14,In-House Agency,101.67,6,2025-09-15 16:59:00
931,2463,4538,34,In-House Agency,309.98,12,2025-04-19 16:23:00
932,2469,4547,45,In-House Agency,248.93,6,2025-05-08 09:51:00
933,2471,4551,20,In-House Agency,114.76,6,2025-04-07 14:13:00
934,2476,4559,24,Carrier A (DCO),162.15,12,2025-01-15 11:02:00
935,2477,4560,57,Carrier A (DCO),101.3,6,2025-07-19 12:00:00
936,2479,4564,2,Carrier A (DCO),248.37,12,2025-10-11 14:23:00
937,2480,4571,38,Carrier B (DCO),181.27,12,2025-03-26 11:46:00
938,2481,4575,22,In-House Agency,302.22,12,2025-05-07 12:21:00
939,2482,4579,45,Carrier A (DCO),216.58,6,2025-03-27 12:45:00
940,2483,4580,28,Carrier A (DCO),200.78,6,2025-12-14 13:20:00
941,2486,4583,36,In-House Agency,182.31,6,2025-04-07 17:27:00
942,2489,4586,5,Carrier A (DCO),284.34,6,2025-12-08 08:09:00
943,2490,4587,34,Carrier B (DCO),241.95,12,2025-07-07 13:53:00
944,2495,4600,5,Carrier A (DCO),299.1,6,2025-12-26 18:40:00
945,2496,4603,29,Carrier A (DCO),207.99,12,2025-05-13 18:30:00
946,2498,4605,17,Carrier B (DCO),295.32,6,2025-08-30 18:06:00
947,2500,4607,34,Carrier B (DCO),196.89,12,2025-11-16 08:33:00
948,2501,4610,51,Carrier B (DCO),141.77,6,2025-04-06 19:05:00
949,2503,4615,60,In-House Agency,117.2,6,2025-09-09 13:44:00
950,2509,4621,38,In-House Agency,184.08,6,2025-10-04 11:03:00
951,2517,4631,57,Carrier B (DCO),201.75,6,2025-07-22 17:21:00
952,2524,4641,44,Carrier A (DCO),158.06,6,2025-02-16 16:05:00
953,2528,4647,8,In-House Agency,287.18,12,2025-10-31 12:13:00
954,2529,4649,22,Carrier B (DCO),263.05,6,2025-08-20 14:41:00
955,2532,4656,34,Carrier A (DCO),240.14,12,2025-03-20 16:38:00
956,2534,4659,44,Carrier B (DCO),159.53,12,2025-06-03 09:03:00
957,2539,4670,2,In-House Agency,167.34,12,2025-06-21 10:03:00
958,2541,4676,58,Carrier B (DCO),185.98,12,2025-03-07 15:52:00
959,2546,4690,35,Carrier B (DCO),248.17,6,2025-03-23 18:40:00
960,2549,4699,24,In-House Agency,147.23,6,2025-07-18 17:43:00
961,2552,4702,28,In-House Agency,252.22,6,2025-07-16 18:20:00
962,2556,4706,13,Carrier A (DCO),241.64,6,2025-11-20 16:41:00
963,2560,4710,7,In-House Agency,142.56,6,2025-12-31 08:53:00
964,2564,4722,34,In-House Agency,95.96,6,2025-05-29 08:16:00
965,2565,4723,40,Carrier B (DCO),170.15,12,2025-10-18 12:50:00
966,2569,4729,34,Carrier B (DCO),304.45,12,2025-03-01 15:12:00
967,2570,4730,53,In-House Agency,183.24,6,2025-12-08 12:30:00
968,2573,4740,55,In-House Agency,241.95,6,2025-05-11 13:46:00
969,2577,4746,41,In-House Agency,103.71,12,2025-04-06 10:28:00
970,2578,4747,31,In-House Agency,290.98,12,2025-04-21 09:39:00
971,2581,4753,34,Carrier A (DCO),201.51,6,2025-06-09 18:58:00
972,2582,4754,56,In-House Agency,135.63,12,2025-03-08 14:44:00
973,2583,4757,56,In-House Agency,271.16,12,2025-05-02 16:57:00
974,2587,4761,39,Carrier A (DCO),194.89,12,2025-11-23 16:28:00
975,2594,4770,42,In-House Agency,144.39,12,2025-12-11 15:54:00
976,2598,4776,8,In-House Agency,198.98,6,2025-09-04 14:11:00
977,2601,4781,1,Carrier B (DCO),279.3,12,2025-01-11 15:43:00
978,2602,4785,54,In-House Agency,209.26,6,2025-06-05 17:06:00
979,2604,4787,53,Carrier B (DCO),283.26,6,2025-05-26 16:54:00
980,2606,4789,24,In-House Agency,181.18,6,2025-01-14 08:11:00
981,2608,4792,45,Carrier B (DCO),103.68,6,2025-06-11 16:06:00
982,2610,4796,30,Carrier B (DCO),158.32,6,2025-02-23 17:33:00
983,2612,4798,20,Carrier B (DCO),112.52,12,2025-09-15 15:24:00
984,2613,4799,20,Carrier B (DCO),231.41,6,2025-06-22 18:50:00
985,2615,4802,29,Carrier A (DCO),143.84,6,2025-08-12 16:44:00
986,2617,4806,30,Carrier A (DCO),123.77,12,2025-05-23 12:40:00
987,2618,4807,58,Carrier B (DCO),178.39,12,2025-01-27 08:11:00
988,2620,4811,31,In-House Agency,265.77,6,2025-03-19 18:56:00
989,2627,4824,25,Carrier A (DCO),274.17,6,2025-05-11 11:10:00
990,2628,4826,9,Carrier A (DCO),131.72,6,2025-11-28 08:01:00
991,2629,4829,37,Carrier B (DCO),120.06,12,2025-02-25 14:47:00
992,2630,4830,32,Carrier B (DCO),141.34,6,2025-07-24 08:41:00
993,2637,4841,15,Carrier A (DCO),252.24,12,2025-04-21 13:35:00
994,2640,4844,30,Carrier B (DCO),300.14,12,2025-12-02 17:08:00
995,2642,4848,10,In-House Agency,272.89,12,2025-08-16 15:02:00
996,2646,4862,59,Carrier B (DCO),157.17,12,2025-10-24 08:42:00
997,2648,4865,23,Carrier B (DCO),181.67,12,2025-11-30 15:03:00
998,2649,4866,44,Carrier A (DCO),120.26,6,2025-03-30 12:13:00
999,2651,4868,12,Carrier A (DCO),126.31,12,2025-06-12 13:52:00
1000,2652,4873,46,In-House Agency,280.21,6,2025-05-28 18:44:00
1001,2653,4874,55,In-House Agency,280.67,12,2025-12-06 18:12:00
1002,2658,4879,15,Carrier A (DCO),239.44,6,2025-04-18 08:05:00
1003,2660,4885,3,Carrier B (DCO),171.16,12,2025-07-25 08:43:00
1004,2661,4886,39,In-House Agency,247.59,12,2025-02-02 12:19:00
1005,2662,4887,52,Carrier B (DCO),109.15,6,2025-02-12 15:25:00
1006,2663,4895,26,Carrier B (DCO),190.05,6,2025-01-28 13:04:00
1007,2664,4896,57,Carrier B (DCO),95.22,6,2025-06-20 19:01:00
1008,2669,4902,12,Carrier A (DCO),247.07,12,2025-10-04 12:55:00
1009,2672,4909,11,In-House Agency,299.36,6,2025-11-30 14:31:00
1010,2675,4912,59,Carrier A (DCO),284.47,12,2025-01-30 14:24:00
1011,2676,4913,39,Carrier A (DCO),225.08,6,2025-01-15 18:35:00
1012,2686,4927,54,Carrier B (DCO),151.05,6,2025-03-16 12:22:00
1013,2687,4929,11,In-House Agency,175.93,12,2025-08-09 13:43:00
1014,2689,4932,55,Carrier B (DCO),203.43,6,2025-11-06 09:35:00
1015,2690,4935,34,In-House Agency,262.32,12,2025-09-02 19:15:00
1016,2692,4941,35,Carrier A (DCO),176.29,12,2025-02-24 11:04:00
1017,2701,4959,20,Carrier B (DCO),295.14,12,2025-12-20 11:36:00
1018,2702,4960,9,Carrier B (DCO),126.57,6,2025-11-26 17:53:00
1019,2703,4962,22,In-House Agency,253.64,6,2025-01-31 10:59:00
1020,2705,4964,50,Carrier A (DCO),250.47,6,2025-12-20 12:46:00
1021,2706,4965,55,In-House Agency,98.64,6,2025-01-23 11:26:00
1022,2707,4970,5,In-House Agency,122.7,6,2025-05-16 14:01:00
1023,2709,4972,27,In-House Agency,152.35,6,2025-01-11 17:26:00
1024,2711,4975,42,Carrier B (DCO),213.54,12,2025-12-23 17:46:00
1025,2712,4976,14,Carrier B (DCO),116.44,6,2025-04-02 18:00:00
1026,2716,4988,48,In-House Agency,156.15,12,2025-03-19 10:20:00
1027,2718,4990,5,Carrier A (DCO),201.69,6,2025-02-05 10:16:00
1028,2719,4992,53,In-House Agency,276.74,6,2025-02-11 11:44:00
1029,2723,5000,37,Carrier B (DCO),222.49,12,2025-10-01 12:15:00
1030,2725,5006,15,Carrier A (DCO),119.85,12,2025-02-05 10:05:00
1031,2727,5011,42,Carrier B (DCO),227.9,12,2025-06-16 11:13:00
1032,2729,5019,38,Carrier A (DCO),146.57,12,2025-06-23 18:23:00
1033,2732,5022,34,In-House Agency,150.51,12,2025-12-15 12:49:00
1034,2734,5028,7,Carrier B (DCO),121.0,12,2025-12-06 13:42:00
1035,2739,5035,2,Carrier B (DCO),104.02,6,2025-04-09 19:17:00
1036,2741,5037,48,In-House Agency,95.23,12,2025-11-01 18:07:00
1037,2742,5038,44,Carrier B (DCO),219.78,6,2025-06-24 18:10:00
1038,2744,5041,57,In-House Agency,266.26,12,2025-10-25 08:57:00
1039,2748,5046,34,Carrier A (DCO),153.0,6,2025-05-06 18:11:00
1040,2750,5048,26,In-House Agency,217.72,12,2025-07-16 09:47:00
1041,2756,5062,37,Carrier A (DCO),198.49,6,2025-04-08 08:11:00
1042,2758,5067,40,In-House Agency,147.97,6,2025-05-30 10:48:00
1043,2759,5070,43,Carrier A (DCO),151.5,12,2025-09-21 10:17:00
1044,2764,5077,6,In-House Agency,218.27,12,2025-09-25 13:59:00
1045,2767,5083,55,In-House Agency,288.65,12,2025-08-07 10:41:00
1046,2772,5094,43,In-House Agency,225.09,12,2025-12-01 13:06:00
1047,2776,5099,28,Carrier A (DCO),109.01,12,2025-08-28 13:47:00
1048,2777,5101,57,Carrier B (DCO),304.52,6,2025-03-07 14:07:00
1049,2778,5103,30,In-House Agency,107.34,6,2025-03-15 17:22:00
1050,2779,5104,26,Carrier A (DCO),204.02,6,2025-04-16 17:39:00
1051,2780,5105,28,In-House Agency,239.3,12,2025-09-20 15:26:00
1052,2783,5109,39,In-House Agency,262.36,6,2025-05-26 08:38:00
1053,2790,5121,21,Carrier B (DCO),169.16,12,2025-03-16 12:08:00
1054,2792,5123,3,Carrier A (DCO),103.85,12,2025-04-27 18:54:00
1055,2797,5132,13,In-House Agency,305.65,6,2025-06-29 11:32:00
1056,2798,5137,54,Carrier A (DCO),190.6,6,2025-02-23 10:44:00
1057,2808,5153,21,In-House Agency,183.92,12,2025-03-08 17:41:00
1058,2811,5156,51,Carrier B (DCO),95.01,6,2025-04-17 10:21:00
1059,2812,5157,12,In-House Agency,155.57,12,2025-03-05 14:15:00
1060,2815,5164,32,Carrier B (DCO),287.14,6,2025-12-08 08:20:00
1061,2816,5165,43,In-House Agency,235.7,12,2025-01-07 13:49:00
1062,2818,5168,27,Carrier A (DCO),246.81,6,2025-06-17 17:13:00
1063,2819,5173,38,In-House Agency,228.17,6,2025-07-18 13:24:00
1064,2820,5175,55,Carrier A (DCO),171.14,12,2025-10-10 13:37:00
1065,2823,5178,46,In-House Agency,278.84,6,2025-10-06 15:39:00
1066,2825,5180,49,In-House Agency,199.34,6,2025-03-05 11:43:00
1067,2827,5184,22,Carrier A (DCO),154.12,6,2025-11-17 18:50:00
1068,2828,5185,7,Carrier B (DCO),253.85,6,2025-05-13 15:14:00
1069,2829,5186,15,Carrier A (DCO),112.56,12,2025-05-14 16:23:00
1070,2833,5194,51,In-House Agency,95.41,12,2025-06-09 12:16:00
1071,2835,5196,33,In-House Agency,226.23,12,2025-09-20 16:18:00
1072,2837,5199,48,Carrier A (DCO),249.06,6,2025-03-07 12:30:00
1073,2839,5202,36,Carrier A (DCO),115.85,6,2025-12-16 18:29:00
1074,2840,5203,24,In-House Agency,224.78,12,2025-07-02 16:36:00
1075,2841,5204,46,In-House Agency,228.38,6,2025-12-27 12:08:00
1076,2842,5206,48,Carrier B (DCO),248.14,12,2025-12-07 08:53:00
1077,2843,5207,60,In-House Agency,303.8,6,2025-10-28 18:47:00
1078,2845,5210,2,In-House Agency,187.81,6,2025-09-14 17:32:00
1079,2849,5218,18,Carrier A (DCO),132.42,6,2025-07-14 15:08:00
1080,2850,5219,22,In-House Agency,113.58,6,2025-03-07 13:02:00
1081,2855,5225,11,Carrier B (DCO),209.47,12,2025-01-28 08:44:00
1082,2857,5232,15,Carrier B (DCO),218.51,12,2025-08-16 10:40:00
1083,2865,5250,26,Carrier B (DCO),264.09,6,2025-07-19 09:00:00
1084,2867,5252,8,In-House Agency,221.42,12,2025-02-18 17:33:00
1085,2868,5253,58,Carrier B (DCO),144.31,12,2025-09-04 09:36:00
1086,2870,5259,22,Carrier A (DCO),302.44,12,2025-01-10 12:32:00
1087,2873,5267,32,In-House Agency,202.96,12,2025-03-12 15:29:00
1088,2874,5268,46,Carrier A (DCO),195.1,12,2025-03-06 11:09:00
1089,2875,5271,28,Carrier A (DCO),249.82,6,2025-12-28 14:26:00
1090,2881,5281,39,Carrier A (DCO),102.63,12,2025-10-14 13:25:00
1091,2882,5283,54,Carrier B (DCO),253.37,6,2025-11-28 09:47:00
1092,2887,5293,54,Carrier A (DCO),304.94,6,2025-12-05 17:21:00
1093,2889,5299,24,Carrier A (DCO),168.06,12,2025-10-23 16:30:00
1094,2892,5303,10,Carrier A (DCO),238.33,6,2025-10-16 14:42:00
1095,2895,5306,14,Carrier A (DCO),131.58,6,2025-03-02 14:45:00
1096,2896,5307,45,In-House Agency,121.32,6,2025-12-14 14:52:00
1097,2898,5312,58,Carrier A (DCO),138.14,12,2025-08-10 11:02:00
1098,2902,5317,1,Carrier B (DCO),220.36,6,2025-12-14 08:57:00
1099,2903,5319,38,Carrier A (DCO),203.78,12,2025-04-26 17:08:00
1100,2904,5321,30,In-House Agency,276.07,12,2025-08-09 17:50:00
1101,2907,5325,32,Carrier B (DCO),229.6,6,2025-08-17 15:10:00
1102,2908,5326,31,In-House Agency,307.18,6,2025-02-23 11:12:00
1103,2909,5328,33,Carrier B (DCO),247.4,6,2025-08-23 17:35:00
1104,2915,5335,14,Carrier A (DCO),280.4,12,2025-07-21 09:47:00
1105,2916,5336,50,Carrier B (DCO),102.56,6,2025-03-12 15:47:00
1106,2917,5338,4,In-House Agency,172.32,12,2025-04-30 19:57:00
1107,2920,5346,4,Carrier B (DCO),309.5,6,2025-06-20 13:11:00
1108,2923,5349,5,In-House Agency,297.11,12,2025-03-20 09:17:00
1109,2926,5353,29,In-House Agency,148.37,6,2025-01-30 12:04:00
1110,2928,5356,42,In-House Agency,259.89,12,2025-11-12 13:01:00
1111,2929,5357,47,Carrier A (DCO),237.42,6,2025-09-20 17:57:00
1112,2930,5358,27,Carrier B (DCO),170.44,12,2025-12-04 16:27:00
1113,2933,5365,27,Carrier B (DCO),224.48,6,2025-10-13 10:24:00
1114,2935,5367,19,Carrier B (DCO),255.66,6,2025-06-26 11:08:00
1115,2937,5371,28,In-House Agency,127.73,6,2025-04-03 08:09:00
1116,2940,5379,15,Carrier B (DCO),293.57,6,2025-11-27 12:11:00
1117,2941,5380,39,Carrier A (DCO),182.79,6,2025-11-18 15:25:00
1118,2943,5383,37,In-House Agency,186.26,6,2025-10-19 11:09:00
1119,2948,5389,57,Carrier B (DCO),203.19,12,2025-06-19 13:17:00
1120,2949,5391,7,Carrier A (DCO),129.55,6,2025-02-08 13:59:00
1121,2951,5394,55,Carrier B (DCO),234.55,6,2025-10-13 10:48:00
1122,2953,5397,56,Carrier A (DCO),160.3,6,2025-05-15 17:51:00
1123,2954,5403,33,Carrier A (DCO),274.06,12,2025-12-04 16:37:00
1124,2955,5404,39,Carrier A (DCO),213.79,12,2025-11-07 08:20:00
1125,2957,5409,58,Carrier B (DCO),208.84,6,2025-09-18 08:54:00
1126,2961,5421,35,Carrier A (DCO),161.37,12,2025-05-07 12:40:00
1127,2962,5424,59,Carrier B (DCO),281.01,12,2025-10-20 11:43:00
1128,2966,5428,59,Carrier B (DCO),279.18,12,2025-07-18 11:31:00
1129,2967,5429,60,Carrier A (DCO),131.27,6,2025-09-18 16:06:00
1130,2973,5439,55,Carrier A (DCO),113.56,12,2025-02-05 09:37:00
1131,2977,5445,5,In-House Agency,300.77,6,2025-01-13 12:37:00
1132,2979,5447,28,Carrier B (DCO),272.97,6,2025-02-16 11:41:00
1133,2980,5448,57,Carrier B (DCO),148.91,12,2025-01-15 18:00:00
1134,2981,5449,17,In-House Agency,198.07,12,2025-07-10 11:45:00
1135,2983,5451,25,Carrier A (DCO),130.33,6,2025-02-03 08:50:00
1136,2984,5452,53,Carrier B (DCO),115.76,12,2025-07-07 12:09:00
1137,2985,5454,40,In-House Agency,147.11,6,2025-08-29 19:12:00
1138,2986,5455,28,Carrier B (DCO),285.32,6,2025-07-15 16:48:00
1139,2988,5457,21,In-House Agency,198.76,12,2025-10-25 15:22:00
1140,2989,5459,43,Carrier B (DCO),107.52,6,2025-06-24 18:04:00
1141,2990,5460,16,In-House Agency,262.06,6,2025-04-30 13:18:00
1142,2991,5462,40,Carrier B (DCO),141.25,6,2025-08-13 13:11:00
1143,2994,5468,7,In-House Agency,122.44,6,2025-05-27 13:41:00
1144,2998,5472,6,In-House Agency,116.54,12,2025-01-30 14:40:00
1145,3005,5480,26,Carrier B (DCO),252.82,6,2025-07-08 08:21:00
1146,3006,5481,23,Carrier A (DCO),194.1,12,2025-08-28 16:24:00
1147,3009,5485,38,Carrier A (DCO),215.05,12,2025-03-06 15:40:00
1148,3010,5486,18,Carrier A (DCO),267.81,6,2025-03-29 19:36:00
1149,3012,5490,28,Carrier A (DCO),160.93,6,2025-09-20 16:02:00
1150,3014,5495,59,Carrier A (DCO),242.2,6,2025-06-27 11:59:00
1151,3019,5501,14,In-House Agency,223.05,12,2025-03-18 13:28:00
1152,3020,5502,30,In-House Agency,201.68,12,2025-06-22 09:09:00
1153,3021,5503,13,In-House Agency,138.94,12,2025-11-29 11:09:00
1154,3027,5510,40,Carrier B (DCO),253.89,6,2025-02-23 14:01:00
1155,3030,5518,38,Carrier A (DCO),147.14,12,2025-11-20 09:06:00
1156,3031,5520,31,Carrier B (DCO),305.76,6,2025-05-14 18:35:00
1157,3032,5521,46,In-House Agency,150.95,6,2025-06-06 08:57:00
1158,3034,5524,33,Carrier A (DCO),220.78,6,2025-02-23 09:44:00
1159,3037,5530,28,Carrier B (DCO),198.8,12,2025-05-08 14:59:00
1160,3040,5535,34,Carrier A (DCO),115.16,6,2025-12-17 13:40:00
1161,3041,5536,51,Carrier A (DCO),210.64,6,2025-11-08 09:25:00
1162,3042,5540,55,Carrier A (DCO),234.41,6,2025-10-03 18:35:00
1163,3046,5547,18,Carrier A (DCO),295.19,6,2025-08-09 16:06:00
1164,3049,5551,45,Carrier B (DCO),186.05,6,2025-04-03 09:44:00
1165,3050,5554,60,Carrier B (DCO),279.24,12,2025-07-15 14:24:00
1166,3066,5577,49,In-House Agency,237.08,12,2025-04-09 14:41:00
1167,3067,5579,3,Carrier B (DCO),267.47,6,2025-11-11 17:39:00
1168,3068,5582,24,Carrier A (DCO),163.48,6,2025-03-07 10:33:00
1169,3069,5583,2,Carrier A (DCO),259.51,12,2025-07-03 18:15:00
1170,3071,5585,12,In-House Agency,143.77,12,2025-10-15 10:00:00
1171,3072,5586,43,Carrier A (DCO),234.33,12,2025-04-29 17:59:00
1172,3076,5594,31,In-House Agency,250.03,12,2025-12-18 10:31:00
1173,3078,5599,55,In-House Agency,279.61,12,2025-06-21 17:03:00
1174,3079,5602,48,Carrier B (DCO),174.46,6,2025-07-05 12:24:00
1175,3080,5603,58,In-House Agency,192.25,6,2025-07-20 10:00:00
1176,3081,5604,53,Carrier A (DCO),202.6,6,2025-04-12 08:46:00
1177,3082,5606,24,Carrier A (DCO),144.21,6,2025-08-31 16:50:00
1178,3084,5609,21,Carrier A (DCO),195.24,12,2025-09-28 17:33:00
1179,3088,5616,9,Carrier B (DCO),157.49,6,2025-12-02 11:31:00
1180,3089,5617,1,Carrier A (DCO),256.44,6,2025-01-11 15:15:00
1181,3090,5618,19,In-House Agency,161.56,6,2025-08-28 10:13:00
1182,3092,5621,39,In-House Agency,238.04,6,2025-11-16 19:39:00
1183,3095,5626,54,Carrier B (DCO),224.3,12,2025-09-13 16:18:00
1184,3097,5629,32,Carrier A (DCO),145.6,6,2025-11-29 15:15:00
1185,3099,5637,4,Carrier A (DCO),274.7,6,2025-10-08 12:51:00
1186,3100,5638,30,Carrier A (DCO),264.97,12,2025-07-10 15:45:00
1187,3102,5642,28,Carrier B (DCO),210.42,12,2025-11-20 14:39:00
1188,3103,5643,55,In-House Agency,118.59,12,2025-03-11 15:46:00
1189,3104,5644,7,In-House Agency,242.3,6,2025-01-20 18:46:00
1190,3107,5647,11,Carrier B (DCO),204.26,12,2025-11-29 17:41:00
1191,3108,5649,44,Carrier B (DCO),165.63,6,2025-10-02 11:31:00
1192,3111,5653,32,Carrier B (DCO),264.84,6,2025-12-14 09:40:00
1193,3122,5672,47,Carrier B (DCO),247.8,12,2025-02-22 14:35:00
1194,3128,5691,38,In-House Agency,234.58,12,2025-02-14 17:05:00
1195,3129,5692,37,In-House Agency,254.65,6,2025-09-18 12:39:00
1196,3130,5693,34,In-House Agency,279.54,12,2025-11-24 15:11:00
1197,3132,5695,26,Carrier B (DCO),118.91,6,2025-08-15 19:56:00
1198,3135,5703,17,Carrier A (DCO),183.84,12,2025-04-21 18:27:00
1199,3136,5708,48,Carrier B (DCO),231.95,6,2025-02-16 15:05:00
1200,3140,5713,9,Carrier A (DCO),258.0,6,2025-09-30 12:23:00
1201,3151,5732,56,In-House Agency,278.9,6,2025-12-24 17:32:00
1202,3156,5738,30,Carrier A (DCO),264.2,6,2025-09-08 12:24:00
1203,3159,5744,2,Carrier A (DCO),152.85,12,2025-03-10 16:58:00
1204,3160,5748,42,In-House Agency,255.08,12,2025-09-20 11:57:00
1205,3169,5762,19,In-House Agency,216.88,6,2025-01-21 08:24:00
1206,3170,5763,29,Carrier B (DCO),225.14,12,2025-03-01 12:37:00
1207,3171,5764,18,Carrier B (DCO),281.56,12,2025-07-10 17:15:00
1208,3175,5768,8,Carrier B (DCO),185.0,12,2025-02-16 16:55:00
1209,3176,5770,2,Carrier B (DCO),201.85,12,2025-02-09 15:36:00
1210,3177,5772,40,Carrier A (DCO),166.97,12,2025-01-23 10:41:00
1211,3178,5775,57,In-House Agency,127.62,6,2025-12-13 09:53:00
1212,3179,5778,51,Carrier B (DCO),253.01,6,2025-09-06 15:07:00
1213,3180,5779,49,Carrier A (DCO),113.25,12,2025-08-12 13:32:00
1214,3187,5788,54,Carrier A (DCO),133.35,12,2025-06-26 08:54:00
1215,3189,5790,28,Carrier A (DCO),117.02,12,2025-07-24 13:44:00
1216,3190,5791,31,In-House Agency,298.04,6,2025-05-24 12:11:00
1217,3191,5793,43,In-House Agency,228.34,6,2025-04-14 09:20:00
1218,3193,5796,32,Carrier B (DCO),179.36,6,2025-05-21 12:37:00
1219,3198,5802,38,Carrier B (DCO),211.99,6,2025-12-22 18:45:00
1220,3203,5812,13,Carrier A (DCO),284.92,12,2025-10-17 16:40:00
1221,3206,5816,27,In-House Agency,102.52,6,2025-07-03 16:16:00
1222,3209,5821,29,Carrier A (DCO),176.3,6,2025-02-07 18:00:00
1223,3211,5823,38,Carrier A (DCO),120.41,12,2025-01-14 19:16:00
1224,3212,5825,59,Carrier A (DCO),120.7,12,2025-08-17 10:01:00
1225,3213,5826,57,In-House Agency,234.5,12,2025-07-07 08:09:00
1226,3215,5829,53,In-House Agency,219.38,12,2025-10-13 19:11:00
1227,3217,5831,56,Carrier A (DCO),201.77,6,2025-02-23 18:56:00
1228,3219,5835,56,In-House Agency,104.47,12,2025-05-19 08:43:00
1229,3224,5842,7,In-House Agency,174.35,12,2025-07-17 09:27:00
1230,3225,5844,18,In-House Agency,293.64,12,2025-04-17 17:42:00
1231,3226,5845,50,In-House Agency,192.47,6,2025-02-12 13:43:00
1232,3227,5846,31,Carrier A (DCO),135.01,6,2025-10-31 12:54:00
1233,3228,5847,50,Carrier B (DCO),206.24,12,2025-09-06 19:18:00
1234,3229,5848,11,Carrier B (DCO),229.27,12,2025-06-29 14:25:00
1235,3233,5857,2,In-House Agency,98.5,6,2025-08-16 14:40:00
1236,3234,5858,31,In-House Agency,126.7,6,2025-10-18 14:39:00
1237,3239,5868,3,Carrier B (DCO),277.02,12,2025-04-25 18:00:00
1238,3240,5869,54,In-House Agency,237.8,12,2025-12-09 17:33:00
1239,3242,5877,56,In-House Agency,273.52,12,2025-08-29 13:44:00
1240,3249,5886,9,In-House Agency,218.63,6,2025-09-18 18:02:00
1241,3252,5889,56,Carrier A (DCO),117.75,12,2025-05-14 13:56:00
1242,3253,5890,30,Carrier B (DCO),203.18,6,2025-05-01 18:46:00
1243,3255,5893,25,Carrier B (DCO),123.35,12,2025-05-13 14:01:00
1244,3258,5899,11,In-House Agency,105.25,6,2025-08-11 17:12:00
1245,3261,5902,44,Carrier B (DCO),217.22,12,2025-08-27 09:13:00
1246,3264,5905,11,Carrier A (DCO),102.22,6,2025-08-04 17:12:00
1247,3267,5909,26,Carrier A (DCO),200.39,6,2025-12-14 15:22:00
1248,3270,5915,24,Carrier B (DCO),263.86,6,2025-04-04 13:39:00
1249,3271,5916,16,In-House Agency,262.48,6,2025-03-04 18:00:00
1250,3274,5921,8,In-House Agency,260.45,6,2025-09-20 17:23:00
1251,3275,5922,25,Carrier A (DCO),305.89,6,2025-06-24 13:45:00
1252,3276,5924,6,Carrier A (DCO),294.01,12,2025-12-14 08:30:00
1253,3283,5934,21,Carrier B (DCO),270.58,6,2025-08-21 16:03:00
1254,3286,5937,22,Carrier A (DCO),151.64,12,2025-10-12 17:43:00
1255,3289,5941,51,Carrier B (DCO),244.38,12,2025-05-22 10:22:00
1256,3294,5947,18,In-House Agency,142.58,12,2025-11-09 16:46:00
1257,3298,5951,38,Carrier A (DCO),261.35,6,2025-11-05 13:50:00
1258,3299,5952,40,Carrier A (DCO),260.68,6,2025-06-10 16:34:00
1259,3303,5961,43,Carrier B (DCO),99.99,12,2025-12-07 14:08:00
1260,3305,5963,26,Carrier A (DCO),288.8,6,2025-03-30 09:16:00
1261,3306,5964,58,Carrier B (DCO),254.02,6,2025-08-05 11:37:00
1262,3307,5965,32,Carrier A (DCO),141.83,6,2025-03-05 17:37:00
1263,3308,5966,58,In-House Agency,293.46,12,2025-05-17 13:20:00
1264,3310,5968,54,Carrier A (DCO),224.65,12,2025-06-06 12:39:00
1265,3311,5969,18,Carrier B (DCO),132.56,12,2025-03-20 09:44:00
1266,3312,5970,19,Carrier B (DCO),228.91,6,2025-04-10 16:24:00
1267,3313,5971,46,Carrier B (DCO),138.88,12,2025-04-29 15:41:00
1268,3317,5983,12,Carrier B (DCO),184.75,6,2025-02-09 14:56:00
1269,3319,5988,41,Carrier A (DCO),253.48,6,2025-02-08 09:50:00
1270,3320,5989,5,In-House Agency,210.53,12,2025-09-26 12:59:00
1271,3322,5993,31,Carrier B (DCO),136.25,12,2025-03-03 13:57:00
1272,3325,5996,44,Carrier A (DCO),167.19,12,2025-01-10 12:22:00
